country,year,electricity_and_heat_co2_emissions,electricity_and_heat_co2_emissions_per_capita,energy_co2_emissions,energy_co2_emissions_per_capita,total_co2_emissions_excluding_lucf,total_co2_emissions_excluding_lucf_per_capita


Germany,1994,384.91,4.758901,860.56,10.639682,875.9,10.829341
Germany,1995,379.36,4.6763406,859.1,10.590056,874.66,10.781863
Germany,1996,389.99,4.7968736,889.53,10.941213,904.34,11.123376
Germany,1997,374.14,4.5942774,857.38,10.528255,872.65,10.715765
Germany,1998,374.12,4.5890565,849.71,10.422771,865.25,10.613389
Germany,1999,359.05,4.402444,817.82,10.027593,833.59,10.220954
Germany,2000,364.01,4.46355,815.03,9.994031,830.28,10.181028
Germany,2001,377.21,4.6275163,834.18,10.233508,847.68,10.399123
Germany,2002,378.72,4.6500993,820.56,10.075215,833.38,10.232625
Germany,2003,384.21,4.7231107,823.28,10.120619,836.79,10.286696
Germany,2004,379.48,4.6695647,807.0,9.93027,821.07,10.103404
Germany,2005,375.8,4.6273856,789.33,9.719357,802.38,9.880047
Germany,2006,379.51,4.675046,801.07,9.868091,814.41,10.03242
Germany,2007,392.57,4.835569,769.35,9.47664,783.8,9.654632
Germany,2008,371.06,4.5687203,776.11,9.555947,789.69,9.723152
Germany,2009,343.1,4.222217,722.25,8.888068,734.81,9.042633
Germany,2010,361.68,4.447336,760.64,9.35308,773.07,9.505923
Germany,2011,354.26,4.3508387,733.09,9.003434,746.48,9.167882
Germany,2012,365.16,4.4779873,746.84,9.158561,760.13,9.321536
Germany,2013,369.74,4.5266566,763.65,9.349223,776.15,9.502257
Germany,2014,350.25,4.2787075,723.11,8.833623,736.01,8.991211
Germany,2015,346.26,4.218915,729.68,8.890596,742.31,9.044484
Germany,2016,345.94,4.2017975,734.49,8.921137,747.15,9.074906
Germany,2017,327.74,3.9666264,718.79,8.6994915,732.2,8.861793
Germany,2018,310.4,3.7444193,694.54,8.37838,707.77,8.537976
Germany,2019,261.86,3.1493185,645.4,7.762049,658.69,7.9218845
Germany,2020,225.46,2.705661,589.99,7.080249,603.35,7.2405767
Ghana,1990,0.04,0.0025895017,2.52,0.16313861,2.52,0.16313861
Ghana,1991,0.05,0.0031558736,2.26,0.1426455,2.26,0.1426455
Ghana,1992,0.05,0.0030785243,2.66,0.16377749,2.66,0.16377749
Ghana,1993,0.06,0.003604981,2.7,0.16222414,2.7,0.16222414
Ghana,1994,0.08,0.0046946015,2.91,0.17076613,2.91,0.17076613
Ghana,1995,0.07,0.004014019,3.18,0.18235114,3.18,0.18235114
Ghana,1996,0.06,0.0033624726,3.48,0.1950234,3.48,0.1950234
Ghana,1997,0.03,0.0016422119,3.6,0.19706543,3.6,0.19706543
Ghana,1998,1.21,0.06465503,5.44,0.29068047,5.44,0.29068047
Ghana,1999,1.15,0.059968296,5.82,0.3034917,5.82,0.3034917
Ghana,2000,0.54,0.027459247,4.95,0.25170976,4.95,0.25170976
Ghana,2001,0.93,0.04604967,5.44,0.26936582,5.44,0.26936582
Ghana,2002,1.95,0.09393822,6.67,0.3213169,6.67,0.3213169
Ghana,2003,1.73,0.08110825,6.38,0.29911596,6.38,0.29911596
Ghana,2004,0.61,0.027845683,5.92,0.27024007,5.92,0.27024007
Ghana,2005,1.1,0.04889551,6.33,0.28137144,6.33,0.28137144
Ghana,2006,2.4,0.103902444,7.8,0.33768296,7.8,0.33768296
Ghana,2007,2.6,0.10966611,8.42,0.35514948,8.42,0.35514948
Ghana,2008,1.89,0.07769436,7.97,0.32763174,7.97,0.32763174
Ghana,2009,1.73,0.06933654,9.32,0.3735356,9.32,0.3735356
Ghana,2010,3.07,0.1200404,10.38,0.4058695,10.38,0.4058695
Ghana,2011,2.52,0.0961614,10.79,0.41173872,10.8,0.4121203
Ghana,2012,3.09,0.11504626,12.86,0.47880095,12.88,0.4795456
Ghana,2013,3.68,0.1336938,13.88,0.5042581,13.9,0.50498474
Ghana,2014,3.31,0.11739106,13.35,0.47346544,13.37,0.47417474
Ghana,2015,3.37,0.11672635,14.29,0.49496126,14.32,0.49600038
Ghana,2016,4.26,0.14414147,14.52,0.4912991,14.55,0.4923142
Ghana,2017,4.63,0.1531983,15.11,0.4999625,15.14,0.50095516
Ghana,2018,5.28,0.17103626,16.75,0.5425866,16.77,0.54323447
Ghana,2019,5.95,0.1887553,18.01,0.5713417,18.04,0.5722934
Ghana,2020,6.46,0.2007433,19.37,0.6019191,19.4,0.6028514
Greece,1990,37.09,3.6001828,69.86,6.7810397,75.62,7.3401403
Greece,1991,36.33,3.4961092,70.1,6.7458644,75.82,7.2963114
Greece,1992,38.86,3.7085853,72.32,6.9018245,78.18,7.4610705
Greece,1993,38.89,3.681565,72.22,6.8367867,78.09,7.392477
Greece,1994,40.41,3.7952857,73.81,6.9321957,79.73,7.488199
Greece,1995,42.14,3.928065,76.48,7.129056,82.83,7.720969
Greece,1996,39.0,3.609838,76.38,7.069729,82.75,7.6593356
Greece,1997,39.01,3.5870361,77.35,7.1124644,83.76,7.7018747
Greece,1998,40.44,3.6967041,80.74,7.380611,87.13,7.964734
Greece,1999,41.81,3.8030314,81.03,7.370477,87.4,7.949891
Greece,2000,47.73,4.324109,87.92,7.9651303,94.46,8.557623
Greece,2001,48.18,4.3514457,90.04,8.1320915,96.61,8.725471
Greece,2002,48.06,4.3310485,90.28,8.135811,96.6,8.705354
Greece,2003,49.13,4.421948,93.85,8.446974,100.22,9.020306
Greece,2004,49.9,4.4893928,93.48,8.410189,99.84,8.982385
Greece,2005,50.62,4.554841,95.16,8.562597,101.95,9.173569
Greece,2006,48.84,4.3975844,94.1,8.472823,100.7,9.067092
Greece,2007,52.14,4.700901,97.9,8.826586,104.31,9.404507
Greece,2008,51.22,4.6254067,94.35,8.520248,100.41,9.067494
Greece,2009,48.3,4.368865,90.16,8.155214,94.74,8.569488
Greece,2010,45.24,4.100135,83.37,7.555885,87.58,7.93744
Greece,2011,45.23,4.1100507,82.12,7.462246,84.55,7.6830597
Greece,2012,45.84,4.1810956,76.99,7.0223074,80.09,7.3050604
Greece,2013,41.5,3.802281,68.85,6.3081217,72.48,6.6407065
Greece,2014,38.12,3.5091686,65.73,6.050831,69.55,6.4024835
Greece,2015,34.57,3.198958,64.54,5.972252,68.01,6.2933507
Greece,2016,33.06,3.0754228,63.08,5.8680477,66.85,6.218754
Greece,2017,34.72,3.247218,63.11,5.902417,66.8,6.2475276
Greece,2018,33.86,3.1843436,61.6,5.793135,65.02,6.1147666
Greece,2019,28.48,2.6933923,56.63,5.355576,59.99,5.6733356
Greece,2020,22.26,2.1175332,48.02,4.5680118,51.0,4.851491
Grenada,1990,0.05,0.504714,0.11,1.1103709,0.11,1.1103709
Grenada,1991,0.05,0.50111246,0.12,1.20267,0.12,1.20267
Grenada,1992,0.05,0.49478498,0.13,1.2864408,0.13,1.2864408
Grenada,1993,0.06,0.5871416,0.13,1.27214,0.13,1.27214
Grenada,1994,0.06,0.5814291,0.14,1.356668,0.14,1.356668
Grenada,1995,0.07,0.67259187,0.15,1.4412683,0.15,1.4412683
Grenada,1996,0.07,0.667544,0.17,1.6211783,0.17,1.6211783
Grenada,1997,0.08,0.7578413,0.18,1.7051429,0.18,1.7051429
Grenada,1998,0.08,0.75319636,0.2,1.882991,0.2,1.882991
Grenada,1999,0.08,0.7487762,0.21,1.9655375,0.21,1.9655375
Grenada,2000,0.08,0.7445878,0.2,1.8614694,0.2,1.8614694
Grenada,2001,0.08,0.74111813,0.21,1.9454352,0.21,1.9454352
Grenada,2002,0.09,0.8314395,0.21,1.9400254,0.21,1.9400254
Grenada,2003,0.09,0.82758623,0.22,2.0229886,0.22,2.0229886
Grenada,2004,0.09,0.8217002,0.22,2.0086005,0.22,2.0086005
Grenada,2005,0.09,0.8161933,0.23,2.0858274,0.23,2.0858274
Grenada,2006,0.1,0.9008522,0.24,2.1620452,0.24,2.1620452
Grenada,2007,0.1,0.89493465,0.25,2.2373366,0.25,2.2373366
Grenada,2008,0.13,1.1555862,0.26,2.3111725,0.26,2.3111725
Grenada,2009,0.13,1.1478014,0.26,2.2956028,0.26,2.2956028
Grenada,2010,0.14,1.2274457,0.27,2.3672166,0.27,2.3672166
Grenada,2011,0.13,1.1310937,0.26,2.2621875,0.26,2.2621875
Grenada,2012,0.15,1.2938843,0.28,2.4152505,0.28,2.4152505
Grenada,2013,0.19,1.6245704,0.32,2.7361186,0.32,2.7361186
Grenada,2014,0.12,1.0170698,0.25,2.1188955,0.25,2.1188955
Grenada,2015,0.13,1.092492,0.27,2.269022,0.27,2.269022
Grenada,2016,0.14,1.1669292,0.28,2.3338585,0.28,2.3338585
Grenada,2017,0.15,1.240346,0.29,2.3980021,0.29,2.3980021
Grenada,2018,0.16,1.3130575,0.32,2.626115,0.32,2.626115
Grenada,2019,0.17,1.3850754,0.35,2.851626,0.35,2.851626
Grenada,2020,0.16,1.2937448,0.32,2.5874896,0.32,2.5874896
Guatemala,1990,0.24,0.026417814,3.21,0.35333827,3.93,0.4325917
Guatemala,1991,0.29,0.031083982,3.41,0.36550474,4.03,0.4319602
Guatemala,1992,0.9,0.09397878,4.23,0.44170025,4.83,0.5043528
Guatemala,1993,0.91,0.092556134,4.64,0.4719346,5.12,0.5207554
Guatemala,1994,0.99,0.098069154,4.93,0.48836458,5.45,0.5398757
Guatemala,1995,1.11,0.10711085,5.88,0.567398,6.37,0.6146812
Guatemala,1996,1.02,0.09593413,5.73,0.5389241,6.2,0.58312905
Guatemala,1997,1.06,0.09719967,6.02,0.5520207,6.57,0.60245454
Guatemala,1998,2.05,0.183297,7.66,0.6849049,8.31,0.74302346
Guatemala,1999,1.81,0.1578924,7.54,0.65773964,8.22,0.71705836
Guatemala,2000,2.43,0.2070571,8.61,0.73364675,9.44,0.80437
Guatemala,2001,2.54,0.21150456,8.99,0.7485929,9.84,0.819372
Guatemala,2002,3.1,0.25224033,9.65,0.7851997,10.49,0.8535487
Guatemala,2003,3.08,0.24501796,9.74,0.7748295,10.57,0.8408571
Guatemala,2004,3.46,0.26920974,9.87,0.767948,10.78,0.8387517
Guatemala,2005,3.4,0.2588934,10.57,0.8048539,11.56,0.8802376
Guatemala,2006,3.09,0.23038381,10.57,0.78807664,11.55,0.86114335
Guatemala,2007,3.28,0.23947534,11.44,0.8352432,12.44,0.908254
Guatemala,2008,3.03,0.2167467,10.28,0.7353651,11.27,0.8061833
Guatemala,2009,3.59,0.2517635,11.29,0.7917576,11.88,0.83313376
Guatemala,2010,2.64,0.18152906,10.38,0.7137393,11.48,0.7893764
Guatemala,2011,2.65,0.17865019,10.66,0.71864563,11.77,0.79347646
Guatemala,2012,2.94,0.19433768,11.06,0.7310798,12.18,0.8051132
Guatemala,2013,3.44,0.22304837,11.89,0.7709434,13.05,0.8461574
Guatemala,2014,3.61,0.2297352,12.64,0.8043914,14.0,0.89093983
Guatemala,2015,4.85,0.30310407,15.03,0.93931013,16.46,1.0286789
Guatemala,2016,5.21,0.3198084,16.15,0.9913447,17.45,1.0711433
Guatemala,2017,4.12,0.24851137,15.2,0.9168381,16.53,0.9970615
Guatemala,2018,5.42,0.32165837,16.9,1.0029569,18.08,1.0729858
Guatemala,2019,5.73,0.33496356,17.9,1.0463958,19.02,1.1118686
Guatemala,2020,4.02,0.23153059,15.61,0.8990529,16.87,0.97162217
Guinea,1990,0.33,0.051934596,1.0,0.15737756,1.0,0.15737756
Guinea,1991,0.34,0.05139259,1.02,0.15417777,1.02,0.15417777
Guinea,1992,0.34,0.04976438,1.06,0.15514778,1.06,0.15514778
Guinea,1993,0.34,0.048253637,1.09,0.15469548,1.09,0.15469548
Guinea,1994,0.34,0.04681835,1.12,0.15422516,1.12,0.15422516
Guinea,1995,0.35,0.046864435,1.16,0.15532212,1.16,0.15532212
Guinea,1996,0.35,0.04555441,1.23,0.1600912,1.23,0.1600912
Guinea,1997,0.35,0.044626858,1.29,0.16448185,1.29,0.16448185
Guinea,1998,0.35,0.043790743,1.36,0.17015831,1.36,0.17015831
Guinea,1999,0.35,0.04281398,1.43,0.17492568,1.43,0.17492568
Guinea,2000,0.35,0.041981664,1.49,0.17872193,1.49,0.17872193
Guinea,2001,0.36,0.04262513,1.57,0.18589292,1.57,0.18589292
Guinea,2002,0.36,0.041968867,1.63,0.1900257,1.63,0.1900257
Guinea,2003,0.36,0.04103846,1.71,0.19493268,1.71,0.19493268
Guinea,2004,0.36,0.04017388,1.77,0.19752158,1.77,0.19752158
Guinea,2005,0.24,0.026257884,1.84,0.20131044,1.84,0.20131044
Guinea,2006,0.24,0.02572173,1.9,0.20363036,1.9,0.20363036
Guinea,2007,0.22,0.023043677,1.98,0.20739311,1.98,0.20739311
Guinea,2008,0.24,0.024540396,2.01,0.20552582,2.01,0.20552582
Guinea,2009,0.24,0.023948943,2.12,0.211549,2.12,0.211549
Guinea,2010,0.13,0.012657329,2.5,0.2434102,2.5,0.2434102
Guinea,2011,0.12,0.01139849,2.62,0.24886702,2.62,0.24886702
Guinea,2012,0.19,0.017611025,2.47,0.22894333,2.47,0.22894333
Guinea,2013,0.14,0.012663457,2.16,0.19537905,2.16,0.19537905
Guinea,2014,0.23,0.020294067,2.23,0.1967642,2.23,0.1967642
Guinea,2015,0.18,0.015482536,2.52,0.2167555,2.52,0.2167555
Guinea,2016,0.38,0.031849828,2.81,0.2355211,2.81,0.2355211
Guinea,2017,0.41,0.033494566,3.32,0.2712243,3.32,0.2712243
Guinea,2018,0.54,0.043011196,3.74,0.29789236,3.74,0.29789236
Guinea,2019,0.55,0.042710032,4.52,0.3509988,4.52,0.3509988
Guinea,2020,0.55,0.041650396,4.54,0.34380507,4.54,0.34380507
Guinea-Bissau,1990,0.03,0.030814836,0.17,0.17461741,0.17,0.17461741
Guinea-Bissau,1991,0.03,0.030185308,0.17,0.17105007,0.17,0.17105007
Guinea-Bissau,1992,0.03,0.029328093,0.18,0.17596856,0.18,0.17596856
Guinea-Bissau,1993,0.03,0.028388472,0.19,0.17979366,0.19,0.17979366
Guinea-Bissau,1994,0.04,0.036709946,0.18,0.16519475,0.18,0.16519475
Guinea-Bissau,1995,0.04,0.035802867,0.18,0.16111289,0.19,0.17006361
Guinea-Bissau,1996,0.04,0.035068955,0.18,0.1578103,0.18,0.1578103
Guinea-Bissau,1997,0.05,0.043012567,0.2,0.17205027,0.2,0.17205027
Guinea-Bissau,1998,0.02,0.016890837,0.17,0.1435721,0.17,0.1435721
Guinea-Bissau,1999,0.01,0.008288588,0.19,0.15748319,0.19,0.15748319
Guinea-Bissau,2000,0.02,0.016248867,0.15,0.12186651,0.15,0.12186651
Guinea-Bissau,2001,0.02,0.015905963,0.15,0.11929473,0.15,0.11929473
Guinea-Bissau,2002,0.02,0.015555946,0.15,0.116669595,0.15,0.116669595
Guinea-Bissau,2003,0.02,0.0152013805,0.2,0.15201381,0.2,0.15201381
Guinea-Bissau,2004,0.02,0.014847678,0.21,0.15590061,0.21,0.15590061
Guinea-Bissau,2005,0.02,0.014495757,0.21,0.15220545,0.21,0.15220545
Guinea-Bissau,2006,0.02,0.014143331,0.22,0.15557665,0.22,0.15557665
Guinea-Bissau,2007,0.03,0.020681469,0.23,0.15855792,0.23,0.15855792
Guinea-Bissau,2008,0.03,0.02015537,0.22,0.14780605,0.22,0.14780605
Guinea-Bissau,2009,0.02,0.013095802,0.23,0.15060171,0.23,0.15060171
Guinea-Bissau,2010,0.02,0.012761401,0.24,0.15313682,0.24,0.15313682
Guinea-Bissau,2011,0.03,0.018644832,0.24,0.14915866,0.24,0.14915866
Guinea-Bissau,2012,0.02,0.012101264,0.25,0.15126579,0.25,0.15126579
Guinea-Bissau,2013,0.02,0.011780249,0.25,0.14725311,0.25,0.14725311
Guinea-Bissau,2014,0.02,0.011472376,0.26,0.14914088,0.26,0.14914088
Guinea-Bissau,2015,0.04,0.022359721,0.28,0.15651806,0.28,0.15651806
Guinea-Bissau,2016,0.06,0.032705497,0.31,0.1689784,0.31,0.1689784
Guinea-Bissau,2017,0.06,0.031917695,0.31,0.1649081,0.31,0.1649081
Guinea-Bissau,2018,0.06,0.031169577,0.32,0.16623774,0.32,0.16623774
Guinea-Bissau,2019,0.06,0.030449742,0.33,0.16747358,0.33,0.16747358
Guinea-Bissau,2020,0.06,0.029764282,0.33,0.16370355,0.33,0.16370355
Guyana,1990,0.35,0.46846306,1.17,1.5660051,1.17,1.5660051
Guyana,1991,0.35,0.4703656,1.14,1.532048,1.14,1.532048
Guyana,1992,0.34,0.45637646,1.08,1.4496664,1.08,1.4496664
Guyana,1993,0.34,0.45503455,1.09,1.4587872,1.09,1.4587872
Guyana,1994,0.38,0.5069688,1.41,1.8811212,1.41,1.8811212
Guyana,1995,0.41,0.54542893,1.53,2.035381,1.53,2.035381
Guyana,1996,0.41,0.5440718,1.58,2.096667,1.58,2.096667
Guyana,1997,0.44,0.58261555,1.72,2.277497,1.72,2.277497
Guyana,1998,0.47,0.6211139,1.75,2.312658,1.75,2.312658
Guyana,1999,0.4,0.5276899,1.74,2.295451,1.74,2.295451
Guyana,2000,0.39,0.51379406,1.66,2.1869183,1.66,2.1869183
Guyana,2001,0.38,0.50012106,1.64,2.1584172,1.64,2.1584172
Guyana,2002,0.38,0.49978563,1.62,2.130665,1.62,2.130665
Guyana,2003,0.68,0.89406747,1.62,2.1299844,1.62,2.1299844
Guyana,2004,0.68,0.8942332,1.67,2.1961317,1.67,2.1961317
Guyana,2005,0.5,0.6581433,1.48,1.9481041,1.48,1.9481041
Guyana,2006,0.51,0.67248964,1.33,1.7537475,1.33,1.7537475
Guyana,2007,0.6,0.7930969,1.61,2.1281433,1.61,2.1281433
Guyana,2008,0.58,0.7690686,1.6,2.1215684,1.6,2.1215684
Guyana,2009,0.75,0.99831617,1.63,2.169674,1.63,2.169674
Guyana,2010,0.76,1.0161284,1.76,2.3531394,1.76,2.3531394
Guyana,2011,0.75,1.0077462,1.83,2.4589007,1.83,2.4589007
Guyana,2012,0.75,1.0081052,2.0,2.6882803,2.0,2.6882803
Guyana,2013,0.8,1.0703429,1.98,2.6490989,1.98,2.6490989
Guyana,2014,0.78,1.038441,2.06,2.7425492,2.06,2.7425492
Guyana,2015,0.79,1.046298,2.04,2.7018328,2.08,2.7548099
Guyana,2016,0.84,1.106578,2.32,3.056263,2.48,3.2670395
Guyana,2017,0.86,1.1267384,2.32,3.0395734,2.47,3.2360976
Guyana,2018,0.92,1.1712017,2.43,3.0935001,2.59,3.2971873
Guyana,2019,0.93,1.1643032,2.63,3.2925994,2.8,3.505429
Guyana,2020,0.93,1.1665728,2.61,3.27393,2.77,3.4746308
Haiti,1990,0.25,0.036099337,0.93,0.13428953,1.02,0.1472853
Haiti,1991,0.21,0.029719515,0.89,0.12595414,1.0,0.1415215
Haiti,1992,0.13,0.018041074,0.81,0.11240978,0.9,0.12489975
Haiti,1993,0.08,0.0108903665,0.65,0.08848423,0.69,0.09392941
Haiti,1994,0.03,0.0040074294,0.19,0.025380386,0.19,0.025380386
Haiti,1995,0.16,0.020977223,0.9,0.11799689,0.9,0.11799689
Haiti,1996,0.24,0.030885639,1.06,0.13641156,1.06,0.13641156
Haiti,1997,0.35,0.044218846,1.27,0.16045125,1.27,0.16045125
Haiti,1998,0.25,0.031013902,1.31,0.16251285,1.31,0.16251285
Haiti,1999,0.2,0.024363672,1.38,0.16810934,1.38,0.16810934
Haiti,2000,0.19,0.022726664,1.47,0.17583261,1.47,0.17583261
Haiti,2001,0.2,0.023496991,1.51,0.17740229,1.6,0.18797593
Haiti,2002,0.22,0.025399623,1.71,0.19742434,1.83,0.21127868
Haiti,2003,0.17,0.019291332,1.69,0.19177854,1.81,0.20539594
Haiti,2004,0.17,0.01897005,1.54,0.17184633,1.67,0.18635283
Haiti,2005,0.17,0.018656919,1.58,0.1733996,1.7,0.18656918
Haiti,2006,0.18,0.019425243,1.6,0.17266883,1.72,0.185619
Haiti,2007,0.24,0.025475457,1.93,0.20486513,2.05,0.21760286
Haiti,2008,0.24,0.025064617,1.91,0.19947258,2.03,0.21200489
Haiti,2009,0.26,0.026719704,1.87,0.19217634,1.99,0.20450851
Haiti,2010,0.52,0.052830048,2.34,0.23773523,2.46,0.24992678
Haiti,2011,0.81,0.081371725,2.68,0.2692299,2.7,0.27123907
Haiti,2012,0.88,0.087055095,2.39,0.23643373,2.42,0.23940152
Haiti,2013,0.91,0.08868354,2.61,0.2543561,2.65,0.25825426
Haiti,2014,0.94,0.09027402,2.94,0.2823464,3.02,0.2900293
Haiti,2015,0.94,0.088983454,3.2,0.3029224,3.28,0.31049544
Haiti,2016,1.0,0.09333717,3.29,0.3070793,3.36,0.3136129
Haiti,2017,0.93,0.08560741,3.25,0.29916567,3.33,0.30652976
Haiti,2018,0.86,0.078093596,3.21,0.2914889,3.29,0.2987534
Haiti,2019,0.87,0.07795391,3.24,0.2903111,3.32,0.29747927
Haiti,2020,0.84,0.07429155,3.13,0.27682447,3.21,0.28389984
High-income countries,1990,4824.01,4.823389,11226.13,11.224685,11430.03,11.428559
High-income countries,1991,4844.64,4.8063517,11225.3,11.136583,11425.08,11.3347845
High-income countries,1992,4963.23,4.883616,11249.66,11.069206,11460.149,11.2763195
High-income countries,1993,4955.79,4.8391123,11331.47,11.064685,11542.15,11.270406
High-income countries,1994,5056.29,4.9017115,11504.55,11.152838,11728.12,11.369574
High-income countries,1995,5145.9497,4.9544883,11666.38,11.232318,11896.471,11.453848
High-income countries,1996,5304.81,5.0732417,12036.38,11.510962,12263.95,11.728598
High-income countries,1997,5547.5303,5.2692842,12273.45,11.657853,12502.93,11.875823
High-income countries,1998,5629.89,5.311853,12268.32,11.575273,12492.07,11.786382
High-income countries,1999,5623.4097,5.2716107,12343.399,11.571199,12569.96,11.783587
High-income countries,2000,5744.63,5.3502297,12625.689,11.758867,12856.32,11.973664
High-income countries,2001,5807.41,5.373834,12692.99,11.745342,12921.67,11.956949
High-income countries,2002,5763.01,5.298832,12609.63,11.593997,12840.63,11.806391
High-income countries,2003,5884.46,5.3753977,12834.21,11.723927,13068.24,11.937711
High-income countries,2004,5967.19,5.414901,12968.74,11.768427,13208.0,11.985543
High-income countries,2005,6070.51,5.4701285,13016.97,11.729574,13255.42,11.944442
High-income countries,2006,6049.32,5.409265,12955.26,11.584515,13199.64,11.803037
High-income countries,2007,6233.9497,5.527053,13110.63,11.623953,13363.59,11.848229
High-income countries,2008,6084.21,5.347693,12849.9,11.294371,13094.63,11.509474
High-income countries,2009,5705.94,4.975308,12143.971,10.5889635,12352.5,10.770792
High-income countries,2010,5986.49,5.1838117,12676.59,10.976891,12885.439,11.157738
High-income countries,2011,5934.32,5.1057787,12453.851,10.715062,12665.11,10.896827
High-income countries,2012,5904.78,5.0482736,12306.27,10.521208,12520.14,10.704056
High-income countries,2013,5842.39,4.9651074,12394.38,10.533263,12609.7,10.71625
High-income countries,2014,5711.49,4.826629,12184.85,10.297094,12409.859,10.487244
High-income countries,2015,5585.78,4.6944466,12144.12,10.20626,12368.79,10.39508
High-income countries,2016,5471.65,4.5732837,12050.5205,10.071999,12273.57,10.258428
High-income countries,2017,5382.96,4.4750876,11977.12,9.957098,12198.44,10.141091
High-income countries,2018,5307.6396,4.389945,11998.91,9.92429,12218.81,10.106168
High-income countries,2019,5011.8203,4.125477,11646.31,9.586652,11866.27,9.767713
High-income countries,2020,4613.14,3.787182,10650.03,8.743199,10862.24,8.917414
Honduras,1990,0.04,0.007915721,2.18,0.43140683,2.45,0.48483792
Honduras,1991,0.03,0.005772681,2.16,0.41563302,2.45,0.4714356
Honduras,1992,0.12,0.022451838,2.46,0.4602627,2.73,0.5107793
Honduras,1993,0.17,0.030926842,2.6,0.47299877,2.9,0.52757555
Honduras,1994,0.33,0.058376733,3.0,0.5306976,3.25,0.5749224
Honduras,1995,0.9,0.15482976,3.58,0.6158784,3.87,0.66576797
Honduras,1996,0.73,0.122143984,3.52,0.5889683,3.9,0.65255004
Honduras,1997,0.87,0.14159887,3.62,0.5891815,4.04,0.65753955
Honduras,1998,1.32,0.20924021,4.32,0.68478614,4.68,0.7418516
Honduras,1999,0.84,0.12968226,4.36,0.6731127,4.75,0.7333223
Honduras,2000,1.04,0.15623292,4.49,0.67450565,4.99,0.74961764
Honduras,2001,1.3,0.19011794,5.29,0.7736337,5.8,0.84821844
Honduras,2002,1.48,0.21082886,5.62,0.80057985,6.09,0.86753225
Honduras,2003,1.61,0.22355264,6.25,0.8678286,6.73,0.9344778
Honduras,2004,2.29,0.31015489,7.04,0.95348924,7.56,1.0239174
Honduras,2005,1.97,0.26042303,6.46,0.8539761,6.97,0.9213952
Honduras,2006,2.72,0.35118508,7.36,0.95026547,7.97,1.0290239
Honduras,2007,2.58,0.32557416,7.89,0.9956512,8.54,1.0776757
Honduras,2008,2.6,0.32091728,7.94,0.980032,8.59,1.0602614
Honduras,2009,2.28,0.27545184,7.44,0.8988429,8.07,0.9749545
Honduras,2010,2.29,0.2709759,7.32,0.86617625,7.93,0.9383576
Honduras,2011,2.96,0.3432875,8.8,1.0205845,9.47,1.098288
Honduras,2012,2.84,0.32300735,9.22,1.0486364,9.99,1.1362125
Honduras,2013,3.24,0.36158076,8.99,1.003275,9.69,1.0813943
Honduras,2014,3.62,0.39658841,9.22,1.0100954,9.88,1.0824015
Honduras,2015,3.55,0.3819459,9.82,1.0565376,10.54,1.1340028
Honduras,2016,3.97,0.41962633,9.61,1.0157706,10.39,1.098216
Honduras,2017,2.63,0.27319437,8.47,0.8798314,9.38,0.9743587
Honduras,2018,2.52,0.2573305,8.2,0.8373453,9.03,0.92210096
Honduras,2019,3.48,0.34943858,9.43,0.94689816,10.2,1.0242165
Honduras,2020,3.29,0.32504222,8.2,0.8101356,8.84,0.8733657
Hungary,1990,23.41,2.2561705,65.67,6.3290353,67.42,6.497694
Hungary,1991,24.14,2.326803,63.45,6.11581,64.55,6.221837
Hungary,1992,24.56,2.368355,57.14,5.51009,58.0,5.593021
Hungary,1993,24.9,2.404073,57.36,5.5380573,58.38,5.636537
Hungary,1994,24.31,2.3505104,56.6,5.472599,57.78,5.5866923
Hungary,1995,24.67,2.388844,56.25,5.4467964,57.43,5.5610585
Hungary,1996,25.01,2.4262068,57.34,5.562523,58.45,5.6702037
Hungary,1997,26.03,2.5305693,55.82,5.4266763,56.99,5.5404205
Hungary,1998,26.89,2.6206112,56.13,5.470246,57.35,5.589143
Hungary,1999,26.55,2.5952413,56.69,5.541402,57.91,5.660656
Hungary,2000,23.79,2.3318834,53.28,5.222478,54.63,5.354804
Hungary,2001,23.98,2.3560724,54.92,5.395976,56.28,5.529598
Hungary,2002,22.57,2.223995,54.17,5.3377852,55.6,5.478694
Hungary,2003,23.56,2.3285096,56.78,5.6117477,58.19,5.7511024
Hungary,2004,21.51,2.1308637,55.06,5.454456,56.35,5.582248
Hungary,2005,19.6,1.9456928,54.72,5.4320564,55.92,5.5511804
Hungary,2006,19.92,1.9806975,54.16,5.38527,55.46,5.5145326
Hungary,2007,20.8,2.0714715,52.52,5.2304654,53.85,5.3629203
Hungary,2008,20.0,1.9953095,51.75,5.1628633,53.01,5.2885675
Hungary,2009,16.9,1.6885511,46.87,4.6829815,47.84,4.779898
Hungary,2010,17.29,1.7312797,47.15,4.7212167,47.88,4.794313
Hungary,2011,16.62,1.669807,46.34,4.655767,46.91,4.7130346
Hungary,2012,15.85,1.5974388,42.75,4.3085494,43.43,4.377083
Hungary,2013,13.47,1.3613435,40.25,4.06786,40.76,4.1194034
Hungary,2014,13.27,1.3447635,40.06,4.059625,40.63,4.1173882
Hungary,2015,13.72,1.393707,42.71,4.3385735,43.38,4.4066334
Hungary,2016,13.9,1.4161844,43.54,4.4360194,44.25,4.508357
Hungary,2017,17.36,1.77343,48.67,4.9719377,49.45,5.0516195
Hungary,2018,16.49,1.6867217,48.32,4.9425344,49.2,5.0325475
Hungary,2019,14.0,1.4326942,46.24,4.731984,47.26,4.836366
Hungary,2020,13.09,1.3424854,43.84,4.496147,44.77,4.591526
Iceland,1990,0.0,0.0,1.9,7.4502206,1.95,7.6462793
Iceland,1991,0.0,0.0,1.87,7.2482023,1.91,7.403244
Iceland,1992,0.0,0.0,1.9,7.2720313,1.94,7.4251266
Iceland,1993,0.01,0.03788711,1.94,7.3500996,1.98,7.501648
Iceland,1994,0.01,0.037561506,2.05,7.700109,2.09,7.8503547
Iceland,1995,0.01,0.037356783,1.96,7.3219295,2.0,7.471357
Iceland,1996,0.01,0.037155382,2.23,8.28565,2.27,8.434272
Iceland,1997,0.01,0.036851007,2.11,7.775563,2.15,7.9229665
Iceland,1998,0.02,0.072914995,2.1,7.6560745,2.15,7.838362
Iceland,1999,0.04,0.14407457,2.05,7.383822,2.12,7.6359525
Iceland,2000,0.01,0.035527892,2.16,7.6740246,2.23,7.92272
Iceland,2001,0.01,0.035057582,2.11,7.39715,2.16,7.572438
Iceland,2002,0.01,0.03474647,2.21,7.6789703,2.24,7.78321
Iceland,2003,0.01,0.03450584,2.19,7.5567794,2.23,7.6948028
Iceland,2004,0.01,0.03420394,2.26,7.7300897,2.31,7.9011097
Iceland,2005,0.01,0.03366584,2.21,7.4401507,2.26,7.60848
Iceland,2006,0.01,0.032885432,2.25,7.3992224,2.31,7.596535
Iceland,2007,0.02,0.06413154,2.32,7.4392595,2.38,7.6316543
Iceland,2008,0.01,0.031474058,2.12,6.6724997,2.18,6.8613443
Iceland,2009,0.01,0.031366743,2.08,6.524282,2.11,6.618383
Iceland,2010,0.0,0.0,1.95,6.1254106,1.96,6.156823
Iceland,2011,0.0,0.0,1.87,5.8564143,1.89,5.9190497
Iceland,2012,0.0,0.0,1.86,5.794609,1.86,5.794609
Iceland,2013,0.01,0.030860769,2.03,6.264736,2.03,6.264736
Iceland,2014,0.01,0.030520372,2.05,6.256676,2.05,6.256676
Iceland,2015,0.01,0.030205276,2.06,6.2222867,2.06,6.2222867
Iceland,2016,0.01,0.029790543,1.63,4.8558583,1.63,4.8558583
Iceland,2017,0.0,0.0,1.67,4.8597226,1.67,4.8597226
Iceland,2018,0.0,0.0,1.7,4.8165326,1.7,4.8165326
Iceland,2019,0.0,0.0,1.64,4.5456185,1.64,4.5456185
Iceland,2020,0.0,0.0,1.45,3.95438,1.45,3.95438
India,1990,231.92,0.26643625,541.23,0.6217802,563.58,0.64745665
India,1991,258.97,0.29132393,582.72,0.65552104,607.22,0.6830818
India,1992,278.57,0.30693915,601.13,0.6623481,626.29,0.6900704
India,1993,306.8,0.33119184,624.75,0.6744202,651.35,0.70313495
India,1994,319.86,0.3383824,657.36,0.6954263,685.9,0.725619
India,1995,364.89,0.37840706,706.76,0.7329413,737.86,0.76519334
India,1996,388.13,0.3947294,739.99,0.7525721,774.07,0.78723156
India,1997,402.1,0.4011632,781.85,0.78002846,819.27,0.8173613
India,1998,418.14,0.40936545,797.24,0.7805101,836.27,0.8187211
India,1999,459.65,0.44175875,856.74,0.82339257,901.33,0.866247
India,2000,491.24,0.46359417,891.9,0.84170604,937.86,0.88507944
India,2001,505.36,0.46837223,906.8,0.84043044,953.54,0.8837495
India,2002,513.58,0.46760803,936.34,0.8525256,985.45,0.89723957
India,2003,536.41,0.48004538,960.89,0.8599221,1011.77,0.9054558
India,2004,584.73,0.51460725,1030.13,0.90659344,1085.67,0.9554729
India,2005,599.57,0.51927066,1076.78,0.9325688,1136.47,0.9842646
India,2006,639.33,0.5453296,1150.3,0.9811718,1215.21,1.036538
India,2007,703.28,0.5911447,1268.41,1.0661669,1336.74,1.1236019
India,2008,721.88,0.5982093,1351.14,1.119666,1424.38,1.1803588
India,2009,789.51,0.6452142,1483.61,1.2124561,1564.88,1.2788727
India,2010,819.68,0.6607053,1573.95,1.2686867,1659.98,1.3380314
India,2011,860.23,0.68401355,1665.43,1.3242699,1756.74,1.3968753
India,2012,989.11,0.7760847,1809.24,1.4195827,1909.44,1.4982026
India,2013,1006.04,0.7791922,1864.63,1.4441823,1972.43,1.5276749
India,2014,1123.43,0.85938656,2031.31,1.5538845,2147.11,1.6424677
India,2015,1103.12,0.8338861,2040.52,1.5424988,2158.02,1.6313211
India,2016,1096.32,0.8189827,2071.95,1.5478065,2195.25,1.6399151
India,2017,1154.9,0.8528309,2187.8,1.6155715,2308.8,1.7049234
India,2018,1255.82,0.91732424,2319.18,1.6940646,2458.18,1.7955983
India,2019,1228.08,0.8879107,2280.25,1.6486373,2423.95,1.7525332
India,2020,1115.35,0.79873985,2077.94,1.4880831,2200.84,1.576096
Indonesia,1990,47.75,0.26213235,140.62,0.7719592,148.34,0.8143395
Indonesia,1991,54.09,0.2918086,153.23,0.82665616,162.31,0.8756416
Indonesia,1992,56.17,0.29789177,161.64,0.857241,171.42,0.90910816
Indonesia,1993,62.7,0.32700995,174.32,0.9091607,185.09,0.9653313
Indonesia,1994,63.9,0.32781243,186.64,0.95747906,199.18,1.0218103
Indonesia,1995,74.27,0.37483567,210.37,1.0617232,223.68,1.1288979
Indonesia,1996,77.52,0.38495576,222.45,1.1046621,236.72,1.1755253
Indonesia,1997,88.77,0.43381158,245.15,1.1980275,261.16,1.276267
Indonesia,1998,98.59,0.47431993,249.63,1.2009786,262.71,1.2639068
Indonesia,1999,95.59,0.4530398,265.4,1.2578384,279.48,1.3245691
Indonesia,2000,89.36,0.41742885,264.19,1.2341151,280.64,1.3109583
Indonesia,2001,100.01,0.4606369,283.6,1.3062357,302.06,1.3912607
Indonesia,2002,109.24,0.49628583,287.49,1.3060894,305.63,1.3885009
Indonesia,2003,121.47,0.54451287,316.07,1.4168452,333.88,1.4966819
Indonesia,2004,119.66,0.52961296,322.19,1.426007,341.24,1.5103219
Indonesia,2005,124.11,0.5424266,323.62,1.4143913,342.15,1.4953771
Indonesia,2006,130.17,0.5615679,345.42,1.4901805,364.47,1.5723644
Indonesia,2007,138.66,0.5903986,360.39,1.5344999,379.96,1.6178267
Indonesia,2008,152.51,0.6409692,355.6,1.4945161,376.14,1.5808417
Indonesia,2009,153.25,0.63594145,371.64,1.5421944,391.08,1.6228645
Indonesia,2010,149.0,0.61061525,396.08,1.6231711,415.54,1.7029198
Indonesia,2011,176.03,0.7123845,454.7,1.840148,475.8,1.9255385
Indonesia,2012,168.79,0.6745591,458.5,1.8323678,481.79,1.925445
Indonesia,2013,168.2,0.66409785,423.62,1.6725633,448.4,1.7704012
Indonesia,2014,193.76,0.7561963,459.11,1.7917902,484.64,1.8914274
Indonesia,2015,195.51,0.7545969,464.49,1.7927611,489.05,1.8875536
Indonesia,2016,206.45,0.78842795,455.27,1.7386659,483.98,1.8483088
Indonesia,2017,217.85,0.8236331,486.43,1.8390628,515.4,1.9485909
Indonesia,2018,239.87,0.89816463,537.18,2.0114064,568.01,2.1268458
Indonesia,2019,246.12,0.912966,575.13,2.1334069,605.29,2.2452834
Indonesia,2020,246.12,0.90532565,536.02,1.9716914,563.2,2.0716698
Iran,1990,41.86,0.7502649,192.34,3.4473472,198.47,3.5572162
Iran,1991,44.9,0.7742595,212.83,3.670059,219.1,3.7781794
Iran,1992,45.88,0.7727546,227.43,3.8305926,233.65,3.9353557
Iran,1993,54.32,0.9090387,230.17,3.8518674,236.73,3.9616482
Iran,1994,57.8,0.96356213,259.92,4.3330293,266.7,4.446056
Iran,1995,61.61,1.0134089,264.53,4.351194,271.52,4.466171
Iran,1996,64.84,1.0526251,272.73,4.4275517,279.81,4.5424895
Iran,1997,68.74,1.1001828,284.83,4.5587,292.4,4.679858
Iran,1998,70.54,1.1115414,283.14,4.461608,291.0,4.585463
Iran,1999,89.41,1.3867445,314.88,4.8837724,323.36,5.015297
Iran,2000,91.06,1.3892877,331.34,5.0552006,340.46,5.194343
Iran,2001,96.95,1.4540714,344.15,5.161616,354.07,5.310398
Iran,2002,102.65,1.5246457,359.43,5.3385615,369.88,5.4937744
Iran,2003,107.33,1.5794344,379.03,5.577686,389.78,5.7358794
Iran,2004,118.72,1.719043,406.34,5.883726,417.66,6.0476375
Iran,2005,130.47,1.859008,439.46,6.261667,450.8,6.4232454
Iran,2006,137.45,1.9284254,471.88,6.620483,484.18,6.793052
Iran,2007,145.08,2.0061,499.95,6.9130807,514.14,7.1092935
Iran,2008,157.52,2.1484375,507.42,6.920773,523.05,7.1339526
Iran,2009,162.09,2.1808953,524.55,7.057737,542.3,7.2965603
Iran,2010,163.88,2.1742284,519.61,6.893769,541.17,7.1798096
Iran,2011,171.0,2.239892,528.99,6.9291253,552.05,7.231183
Iran,2012,177.79,2.2992728,535.05,6.9195447,559.12,7.2308307
Iran,2013,187.36,2.388001,558.87,7.1230903,583.7,7.439562
Iran,2014,191.06,2.3893948,581.87,7.2768617,605.36,7.570627
Iran,2015,192.38,2.3520968,578.28,7.0702286,599.18,7.325758
Iran,2016,190.74,2.2896247,587.46,7.0518136,607.22,7.28901
Iran,2017,206.54,2.4441135,607.52,7.1891537,626.43,7.412927
Iran,2018,206.0,2.4060485,618.34,7.222117,637.43,7.445085
Iran,2019,202.23,2.336185,604.36,6.9816384,625.25,7.222962
Iran,2020,203.05,2.326149,592.69,6.7898808,616.56,7.0633364
Iraq,1990,16.67,0.9440275,60.03,3.3995183,64.21,3.636233
Iraq,1991,14.26,0.7990414,43.47,2.4357874,45.55,2.552338
Iraq,1992,29.66,1.6132119,66.52,3.6180325,67.34,3.6626327
Iraq,1993,46.54,2.411921,88.75,4.599441,89.56,4.6414194
Iraq,1994,54.73,2.7029731,101.31,5.003439,102.12,5.0434427
Iraq,1995,53.69,2.5629084,99.22,4.7362967,100.07,4.7768717
Iraq,1996,52.87,2.4432359,98.24,4.5398808,98.88,4.569456
Iraq,1997,70.31,3.1485696,118.24,5.2949347,118.91,5.3249383
Iraq,1998,41.25,1.7893169,91.0,3.9473417,91.78,3.981176
Iraq,1999,18.88,0.7925868,70.77,2.9709413,72.71,3.052383
Iraq,2000,28.75,1.1673297,85.31,3.4638226,87.63,3.558021
Iraq,2001,35.4,1.3922939,95.28,3.7473946,97.55,3.8366742
Iraq,2002,32.37,1.2328918,88.63,3.3756938,91.16,3.472055
Iraq,2003,33.29,1.229828,80.59,2.9772255,81.28,3.002716
Iraq,2004,34.03,1.2215105,87.22,3.1307712,88.11,3.1627178
Iraq,2005,28.32,0.98680466,84.08,2.9297507,85.13,2.9663377
Iraq,2006,25.26,0.87387866,81.72,2.8271325,82.96,2.8700306
Iraq,2007,17.87,0.6234978,75.02,2.6175044,76.65,2.6743762
Iraq,2008,28.84,0.9870498,85.83,2.937534,88.14,3.016594
Iraq,2009,33.99,1.122188,91.69,3.027167,94.21,3.1103656
Iraq,2010,42.73,1.3667092,105.68,3.3801506,108.55,3.4719467
Iraq,2011,43.03,1.3289862,109.5,3.3819191,113.04,3.4912524
Iraq,2012,43.01,1.2700634,125.53,3.706837,129.0,3.8093042
Iraq,2013,54.63,1.5396624,134.92,3.8025124,139.1,3.9203193
Iraq,2014,62.14,1.6910461,130.9,3.5622454,134.05,3.647968
Iraq,2015,60.74,1.6086737,129.68,3.4345207,133.17,3.5269523
Iraq,2016,65.3,1.6874285,138.74,3.5852036,143.28,3.7025228
Iraq,2017,73.14,1.8459835,151.57,3.8254814,156.46,3.9489005
Iraq,2018,74.81,1.843033,159.77,3.9361234,168.15,4.1425743
Iraq,2019,82.73,1.9904472,171.26,4.12044,180.69,4.3473215
Iraq,2020,73.14,1.7186366,153.73,3.6123328,163.51,3.842142
Ireland,1990,10.87,3.1187506,30.08,8.630361,30.96,8.882845
Ireland,1991,11.43,3.2612362,30.68,8.753695,31.47,8.979099
Ireland,1992,12.15,3.4435165,30.75,8.715073,31.51,8.9304695
Ireland,1993,12.17,3.4323266,30.92,8.720422,31.65,8.926305
Ireland,1994,12.63,3.5483549,31.96,8.979052,32.82,9.220666
Ireland,1995,13.14,3.6709182,32.57,9.0990715,33.45,9.344917
Ireland,1996,13.74,3.8095503,33.84,9.382473,34.82,9.654187
Ireland,1997,14.26,3.9174135,34.83,9.568269,35.97,9.881442
Ireland,1998,15.08,4.0993075,37.36,10.155845,38.42,10.443992
Ireland,1999,15.57,4.185576,38.81,10.433025,39.97,10.744861
Ireland,2000,15.69,4.1629586,40.83,10.833244,42.53,11.284298
Ireland,2001,17.01,4.442391,42.96,11.2195835,44.82,11.705348
Ireland,2002,16.36,4.2010593,42.07,10.80309,43.93,11.280717
Ireland,2003,15.5,3.9154208,41.96,10.599423,44.09,11.137478
Ireland,2004,15.1,3.745076,42.39,10.5134945,44.69,11.083937
Ireland,2005,15.6,3.785287,44.29,10.746818,46.65,11.319464
Ireland,2006,15.27,3.6058297,44.92,10.6073265,47.26,11.159889
Ireland,2007,14.9,3.4175558,44.23,10.144865,46.6,10.688463
Ireland,2008,14.62,3.2836275,43.8,9.837406,45.91,10.311309
Ireland,2009,13.11,2.9134648,39.26,8.724838,40.58,9.018185
Ireland,2010,13.5,2.9837017,39.24,8.6726265,40.35,8.917953
Ireland,2011,12.11,2.6647573,35.52,7.8160343,36.49,8.029479
Ireland,2012,13.01,2.8502262,35.83,7.8496237,37.01,8.108138
Ireland,2013,11.61,2.5300567,34.58,7.53569,35.69,7.7775817
Ireland,2014,11.43,2.4728673,34.1,7.3774953,35.56,7.6933646
Ireland,2015,12.11,2.5955021,35.44,7.595755,37.09,7.9493947
Ireland,2016,12.86,2.727008,37.22,7.8926315,39.01,8.272207
Ireland,2017,12.0,2.5147426,35.89,7.5211763,37.73,7.90677
Ireland,2018,10.64,2.2008452,35.56,7.355457,37.47,7.7505336
Ireland,2019,9.36,1.9117565,33.92,6.928075,35.81,7.3141026
Ireland,2020,8.87,1.7933238,31.97,6.4636483,33.74,6.8215046
Israel,1990,19.77,4.1159587,32.82,6.8328667,33.81,7.0389767
Israel,1991,20.11,4.0685267,33.33,6.7431135,34.52,6.983866
Israel,1992,22.87,4.502511,35.56,7.0008435,36.86,7.2567797
Israel,1993,24.38,4.676765,39.05,7.490881,40.5,7.7690315
Israel,1994,26.06,4.8744044,41.86,7.829723,43.36,8.110291
Israel,1995,27.34,4.9902005,44.88,8.191668,46.78,8.538463
Israel,1996,28.91,5.1510105,47.06,8.384869,48.73,8.682419
Israel,1997,31.13,5.4202476,49.25,8.575239,50.97,8.87472
Israel,1998,32.28,5.499613,49.32,8.402754,51.5,8.774165
Israel,1999,33.16,5.532115,50.71,8.459998,52.98,8.838705
Israel,2000,36.02,5.8885508,54.85,8.96688,57.0,9.318362
Israel,2001,37.31,5.981099,56.13,8.998099,57.95,9.289861
Israel,2002,40.29,6.338197,59.26,9.322452,61.08,9.608764
Israel,2003,41.05,6.3388705,61.04,9.425693,62.93,9.717543
Israel,2004,40.97,6.2113495,61.21,9.279881,63.16,9.575515
Israel,2005,40.43,6.021639,58.85,8.765111,61.01,9.086822
Israel,2006,42.73,6.254316,62.07,9.085078,64.33,9.415871
Israel,2007,44.31,6.373699,64.33,9.253443,66.6,9.5799675
Israel,2008,43.46,6.143164,64.54,9.122868,66.71,9.429602
Israel,2009,41.06,5.7030125,63.91,8.876754,65.73,9.129542
Israel,2010,44.05,6.01083,68.5,9.347147,70.52,9.622786
Israel,2011,46.06,6.1744695,67.57,9.057944,69.82,9.359563
Israel,2012,51.01,6.7188272,73.81,9.721949,76.06,10.01831
Israel,2013,42.91,5.5534883,64.83,8.390413,67.0,8.671259
Israel,2014,40.09,5.0980124,62.43,7.9388604,64.72,8.230066
Israel,2015,40.83,5.0987935,64.08,8.002221,66.31,8.2807
Israel,2016,39.83,4.8817167,63.25,7.752161,65.23,7.994838
Israel,2017,39.25,4.723648,63.92,7.692626,65.91,7.9321184
Israel,2018,35.59,4.2086034,59.65,7.0537567,61.42,7.2630634
Israel,2019,36.44,4.2333097,61.28,7.119024,62.8,7.295605
Israel,2020,35.24,4.0239854,57.44,6.558959,58.47,6.676573
Italy,1990,143.46,2.5276372,389.41,6.8610573,405.26,7.14032
Italy,1991,139.02,2.4477727,388.38,6.83834,404.07,7.114599
Italy,1992,138.27,2.4329097,385.84,6.7889915,402.27,7.078083
Italy,1993,134.91,2.372275,382.86,6.7322607,396.93,6.979669
Italy,1994,137.5,2.4172075,378.5,6.653913,392.29,6.8963375
Italy,1995,150.06,2.637948,401.1,7.0510526,416.42,7.3203673
Italy,1996,145.42,2.555758,398.16,6.997666,412.15,7.2435403
Italy,1997,147.66,2.5939026,401.29,7.049351,415.52,7.2993255
Italy,1998,151.55,2.6616328,411.83,7.2328615,426.37,7.4882236
Italy,1999,147.45,2.5893376,417.73,7.3356667,433.01,7.603996
Italy,2000,152.9,2.6840384,420.44,7.380491,436.3,7.6589007
Italy,2001,149.24,2.6184757,420.18,7.3722267,436.57,7.659796
Italy,2002,158.9,2.7824678,427.18,7.4802685,443.47,7.76552
Italy,2003,164.5,2.8645973,445.26,7.753742,462.2,8.048735
Italy,2004,178.32,3.0818865,454.99,7.863546,472.4,8.164441
Italy,2005,177.76,3.054302,456.43,7.8424563,473.83,8.141426
Italy,2006,179.72,3.0758224,449.18,7.687502,466.65,7.9864926
Italy,2007,179.47,3.0533283,441.46,7.510572,459.37,7.815275
Italy,2008,173.55,2.9303885,428.85,7.2411246,444.98,7.513479
Italy,2009,147.37,2.4741936,383.72,6.442271,397.06,6.6662364
Italy,2010,153.13,2.5597413,391.99,6.5525565,405.27,6.7745466
Italy,2011,152.01,2.5324047,384.11,6.3990655,396.69,6.6086416
Italy,2012,144.03,2.3929164,366.68,6.0920267,376.75,6.25933
Italy,2013,122.62,2.0330744,337.58,5.5971723,346.46,5.744405
Italy,2014,113.74,1.8855228,319.16,5.290869,327.5,5.4291253
Italy,2015,120.89,2.0070424,329.67,5.473254,337.86,5.609226
Italy,2016,118.19,1.9659464,325.66,5.4169564,333.34,5.544704
Italy,2017,121.19,2.019698,321.48,5.3576407,329.19,5.486132
Italy,2018,113.4,1.8938688,317.13,5.2963195,324.88,5.4257503
Italy,2019,108.46,1.8159007,309.31,5.1786485,317.22,5.3110824
Italy,2020,97.06,1.6312447,274.23,4.6088634,281.29,4.7275176
Jamaica,1990,2.02,0.84446925,7.25,3.0308921,7.47,3.122864
Jamaica,1991,1.96,0.81264776,7.21,2.989383,7.41,3.0723062
Jamaica,1992,3.62,1.4869094,7.91,3.2490203,8.15,3.3475997
Jamaica,1993,4.76,1.9356959,8.1,3.2939365,8.33,3.3874679
Jamaica,1994,4.05,1.6303128,8.16,3.284778,8.38,3.3733385
Jamaica,1995,5.24,2.0881743,8.42,3.3554251,8.68,3.4590368
Jamaica,1996,5.06,1.997714,8.78,3.4663892,9.05,3.5729866
Jamaica,1997,5.25,2.0548332,8.97,3.5108292,9.2,3.6008503
Jamaica,1998,5.46,2.1190972,9.47,3.6754303,9.73,3.7763398
Jamaica,1999,5.51,2.1222706,9.75,3.755379,9.99,3.8478189
Jamaica,2000,5.51,2.1093307,9.8,3.7516227,10.07,3.8549838
Jamaica,2001,5.55,2.1139555,9.82,3.7403681,10.09,3.8432093
Jamaica,2002,5.66,2.145363,9.97,3.779023,10.25,3.885154
Jamaica,2003,5.95,2.2444072,10.28,3.8777323,10.6,3.9984398
Jamaica,2004,4.51,1.6929258,10.26,3.8513124,10.57,3.9676776
Jamaica,2005,4.29,1.6026192,10.28,3.840309,10.56,3.9449089
Jamaica,2006,3.67,1.3644857,11.75,4.368585,12.06,4.4838414
Jamaica,2007,3.73,1.3808565,11.76,4.3535852,12.03,4.45354
Jamaica,2008,2.78,1.0253088,9.32,3.4373665,9.63,3.5516996
Jamaica,2009,3.11,1.1423723,7.5,2.7549171,7.89,2.8981729
Jamaica,2010,3.23,1.1814606,7.15,2.6153076,7.48,2.7360141
Jamaica,2011,2.97,1.0815066,7.2,2.6218343,7.53,2.7420018
Jamaica,2012,2.72,0.98557186,6.62,2.398708,6.96,2.5219045
Jamaica,2013,2.59,0.93396133,7.04,2.538644,7.4,2.668461
Jamaica,2014,2.48,0.8906312,6.78,2.4348707,7.19,2.5821123
Jamaica,2015,2.6,0.93041396,6.67,2.3868697,7.09,2.5371673
Jamaica,2016,2.78,0.99190104,7.15,2.5511124,7.55,2.693832
Jamaica,2017,2.73,0.9720879,6.87,2.4462433,7.23,2.5744307
Jamaica,2018,2.79,0.99223214,8.27,2.9411328,8.59,3.054937
Jamaica,2019,2.89,1.0270896,8.06,2.8644783,8.39,2.9817584
Jamaica,2020,2.1,0.7445652,5.46,1.9358696,5.84,2.0706003
Japan,1990,438.93,3.5487351,1051.81,8.503851,1090.51,8.816738
Japan,1991,439.58,3.542886,1063.61,8.572385,1103.96,8.8975935
Japan,1992,444.89,3.5750017,1073.37,8.6252775,1115.04,8.960125
Japan,1993,428.68,3.4354982,1066.37,8.54603,1107.59,8.876372
Japan,1994,470.26,3.758494,1118.46,8.93915,1160.76,9.277229
Japan,1995,458.87,3.6582594,1128.85,8.999556,1170.99,9.335509
Japan,1996,464.6,3.6953309,1142.09,9.083944,1184.65,9.422458
Japan,1997,459.35,3.6448255,1132.67,8.987449,1172.6,9.304282
Japan,1998,442.16,3.5006382,1094.92,8.668625,1130.28,8.948575
Japan,1999,468.53,3.7021828,1133.94,8.9600525,1168.95,9.23669
Japan,2000,476.56,3.758245,1149.33,9.06384,1184.42,9.340568
Japan,2001,468.23,3.6849432,1137.97,8.955757,1172.34,9.226248
Japan,2002,498.07,3.9125152,1174.34,9.2248535,1206.76,9.479525
Japan,2003,516.51,4.0509844,1181.99,9.270339,1213.93,9.520844
Japan,2004,511.03,4.002701,1176.01,9.211233,1207.29,9.456237
Japan,2005,519.54,4.0653095,1183.19,9.258254,1215.47,9.51084
Japan,2006,508.01,3.971864,1161.05,9.077642,1193.04,9.327754
Japan,2007,559.55,4.371265,1197.33,9.35367,1227.99,9.59319
Japan,2008,533.02,4.161695,1130.29,8.825039,1158.84,9.04795
Japan,2009,504.03,3.9341369,1077.08,8.407,1102.39,8.604554
Japan,2010,548.01,4.2778044,1132.92,8.843654,1157.24,9.033496
Japan,2011,605.8,4.7325444,1188.8,9.286974,1213.78,9.482119
Japan,2012,655.51,5.1270328,1228.7,9.610203,1254.32,9.810589
Japan,2013,665.41,5.2115884,1240.57,9.716326,1267.38,9.926306
Japan,2014,634.23,4.9752607,1190.75,9.34092,1217.31,9.5492735
Japan,2015,607.66,4.7752886,1152.41,9.0562,1178.35,9.26005
Japan,2016,606.01,4.771963,1138.9,8.96815,1164.87,9.172648
Japan,2017,588.67,4.6475487,1124.4,8.877136,1150.84,9.08588
Japan,2018,560.33,4.438051,1084.94,8.5931835,1111.12,8.800541
Japan,2019,536.09,4.261729,1048.32,8.333778,1073.65,8.535144
Japan,2020,514.36,4.1068387,989.57,7.9010887,1014.06,8.096626
Jordan,1990,3.44,0.9883379,9.17,2.63461,9.93,2.8529637
Jordan,1991,3.8,1.0364436,9.22,2.5147393,9.78,2.6674783
Jordan,1992,4.42,1.1430362,10.64,2.7515624,11.93,3.0851634
Jordan,1993,4.55,1.1163554,10.77,2.64245,12.2,2.9933045
Jordan,1994,4.68,1.0939269,11.37,2.6576815,12.99,3.0363486
Jordan,1995,5.16,1.1574175,12.19,2.7342868,13.6,3.0505579
Jordan,1996,5.39,1.169531,12.47,2.705761,13.87,3.0095353
Jordan,1997,5.56,1.1745653,13.09,2.7652986,14.37,3.0357022
Jordan,1998,6.01,1.2406036,13.58,2.8032274,14.62,3.0179076
Jordan,1999,5.84,1.1796126,13.58,2.7430031,14.63,2.955091
Jordan,2000,6.74,1.3330243,15.25,3.0161157,16.27,3.2178495
Jordan,2001,6.69,1.2956797,15.05,2.9147952,16.25,3.1472042
Jordan,2002,7.09,1.3439405,15.55,2.9475706,16.87,3.1977823
Jordan,2003,7.18,1.3305852,16.03,2.970652,17.31,3.2078593
Jordan,2004,7.09,1.2815354,17.19,3.107136,18.58,3.358382
Jordan,2005,7.42,1.3066736,18.46,3.250835,19.87,3.4991384
Jordan,2006,7.94,1.3068776,18.77,3.0894322,20.17,3.319864
Jordan,2007,8.56,1.3223222,19.55,3.0200233,21.09,3.2579176
Jordan,2008,8.75,1.3191856,18.44,2.7800894,20.01,3.0167892
Jordan,2009,8.9,1.3125861,19.27,2.84197,20.67,3.0484443
Jordan,2010,9.04,1.3042356,18.79,2.7109056,20.2,2.9143317
Jordan,2011,9.91,1.3938154,19.76,2.779192,20.76,2.9198394
Jordan,2012,11.29,1.5654756,22.71,3.148977,24.12,3.3444881
Jordan,2013,11.56,1.5023097,22.34,2.9032526,23.8,3.0929906
Jordan,2014,12.56,1.4506764,24.02,2.7743032,25.55,2.9510176
Jordan,2015,11.74,1.2365379,23.74,2.5004609,25.31,2.665824
Jordan,2016,10.23,1.0266283,23.15,2.3232105,24.73,2.4817708
Jordan,2017,10.5,1.0278615,24.39,2.3875754,26.02,2.5471387
Jordan,2018,9.53,0.9111017,22.99,2.1979253,24.71,2.3623633
Jordan,2019,9.11,0.85150677,22.03,2.059132,23.15,2.163818
Jordan,2020,8.67,0.7933223,19.96,1.8263799,20.97,1.9187969
Kazakhstan,1990,115.23,6.831856,237.25,14.066283,237.25,14.066283
Kazakhstan,1991,114.15,6.7171574,246.37,14.497643,246.37,14.497643
Kazakhstan,1992,111.93,6.5673437,253.14,14.852653,253.84,14.893724
Kazakhstan,1993,102.41,6.0313196,218.89,12.891276,219.25,12.9124775
Kazakhstan,1994,105.17,6.2798734,199.0,11.882617,199.17,11.892768
Kazakhstan,1995,80.11,4.874554,175.14,10.656964,175.24,10.66305
Kazakhstan,1996,72.49,4.4901443,153.38,9.500597,153.39,9.501217
Kazakhstan,1997,59.59,3.7666473,132.19,8.355649,132.24,8.358809
Kazakhstan,1998,61.16,3.9523706,135.83,8.777804,135.84,8.778451
Kazakhstan,1999,58.77,3.8521903,122.64,8.03867,122.65,8.039325
Kazakhstan,2000,71.39,4.6855345,120.15,7.8857956,120.15,7.8857956
Kazakhstan,2001,67.45,4.413895,117.29,7.6754003,117.44,7.685216
Kazakhstan,2002,85.56,5.5779524,131.04,8.542951,131.07,8.544908
Kazakhstan,2003,93.34,6.05447,146.14,9.479325,146.14,9.479325
Kazakhstan,2004,97.09,6.255025,157.68,10.158536,158.03,10.181086
Kazakhstan,2005,99.15,6.332932,168.86,10.785465,169.22,10.808459
Kazakhstan,2006,118.67,7.49996,184.82,11.680649,185.3,11.710985
Kazakhstan,2007,115.24,7.199738,197.8,12.357759,198.39,12.39462
Kazakhstan,2008,122.3,7.5510044,241.05,14.882826,242.04,14.94395
Kazakhstan,2009,113.31,6.90815,212.68,12.966423,213.62,13.023731
Kazakhstan,2010,123.65,7.436324,228.68,13.752839,229.7,13.814182
Kazakhstan,2011,126.56,7.5043344,244.39,14.491026,245.46,14.554472
Kazakhstan,2012,131.09,7.6647964,242.28,14.166045,244.6,14.301695
Kazakhstan,2013,142.2,8.197981,256.98,14.815171,260.02,14.990428
Kazakhstan,2014,104.75,5.954311,206.02,11.710808,209.26,11.8949795
Kazakhstan,2015,94.42,5.293815,187.6,10.518107,191.06,10.712098
Kazakhstan,2016,105.89,5.857215,198.95,11.004749,202.48,11.200008
Kazakhstan,2017,115.74,6.319472,211.08,11.525091,214.9,11.733665
Kazakhstan,2018,119.94,6.4699187,213.0,11.489851,216.9,11.700228
Kazakhstan,2019,116.02,6.186328,200.79,10.7063675,204.59,10.908988
Kazakhstan,2020,115.88,6.105615,207.45,10.930358,211.9,11.1648245
Kenya,1990,0.42,0.018132938,5.52,0.2383186,6.27,0.27069885
Kenya,1991,0.41,0.017141731,5.31,0.22200632,6.02,0.25169078
Kenya,1992,0.45,0.01825134,5.34,0.21658257,6.09,0.24700147
Kenya,1993,0.48,0.018903717,5.29,0.20833471,5.99,0.23590264
Kenya,1994,0.55,0.021045584,5.38,0.20586409,6.11,0.23379731
Kenya,1995,0.49,0.018230285,5.79,0.21541502,6.57,0.24443464
Kenya,1996,0.58,0.021002518,6.32,0.22885503,7.2,0.2607209
Kenya,1997,0.61,0.021505931,6.1,0.21505931,6.8,0.23973826
Kenya,1998,1.12,0.038438596,6.77,0.2323476,7.41,0.25431252
Kenya,1999,1.43,0.04772214,7.09,0.23660837,7.71,0.2572991
Kenya,2000,2.19,0.07098497,8.06,0.26125062,8.63,0.27972615
Kenya,2001,1.59,0.04999946,7.31,0.22987172,7.88,0.24779606
Kenya,2002,1.13,0.034472425,7.01,0.21385105,7.66,0.23368032
Kenya,2003,1.02,0.0302069,6.06,0.17946452,6.84,0.20256391
Kenya,2004,1.16,0.033341154,6.8,0.19544815,7.66,0.2201666
Kenya,2005,1.58,0.04408111,7.65,0.2134307,8.71,0.2430041
Kenya,2006,1.86,0.050372023,8.68,0.23506944,9.77,0.26458853
Kenya,2007,1.79,0.047059696,8.6,0.22609685,9.87,0.25948557
Kenya,2008,2.15,0.05486528,9.0,0.22966862,10.41,0.26565003
Kenya,2009,2.93,0.07258863,10.77,0.26681897,12.42,0.30769652
Kenya,2010,2.55,0.061419297,11.58,0.27891588,13.42,0.3232341
Kenya,2011,2.77,0.06496987,11.73,0.27512512,13.96,0.32742938
Kenya,2012,2.13,0.048712652,10.67,0.24402064,12.98,0.29684985
Kenya,2013,2.05,0.045766726,11.87,0.2650005,14.39,0.3212601
Kenya,2014,2.35,0.051274374,13.78,0.30066422,16.7,0.36437538
Kenya,2015,1.29,0.027533807,14.93,0.31866646,18.09,0.3861136
Kenya,2016,1.38,0.028813228,15.97,0.33344004,19.31,0.4031764
Kenya,2017,2.4,0.049031485,16.99,0.34710205,20.1,0.4106387
Kenya,2018,1.46,0.029227298,16.25,0.32530382,19.25,0.3853599
Kenya,2019,1.25,0.024533158,16.51,0.32403395,19.48,0.38232473
Kenya,2020,0.71,0.013657581,15.75,0.30296746,19.45,0.37414077
Kiribati,1990,0.01,0.13308491,0.02,0.26616982,0.02,0.26616982
Kiribati,1991,0.01,0.1305023,0.02,0.2610046,0.02,0.2610046
Kiribati,1992,0.01,0.12833346,0.03,0.38500038,0.03,0.38500038
Kiribati,1993,0.01,0.12640627,0.03,0.37921882,0.03,0.37921882
Kiribati,1994,0.01,0.12456403,0.03,0.37369207,0.03,0.37369207
Kiribati,1995,0.01,0.1227039,0.03,0.3681117,0.03,0.3681117
Kiribati,1996,0.01,0.120702974,0.03,0.36210892,0.03,0.36210892
Kiribati,1997,0.01,0.11859723,0.03,0.3557917,0.03,0.3557917
Kiribati,1998,0.01,0.11652703,0.03,0.3495811,0.03,0.3495811
Kiribati,1999,0.01,0.11453573,0.03,0.3436072,0.03,0.3436072
Kiribati,2000,0.01,0.11256191,0.04,0.45024765,0.04,0.45024765
Kiribati,2001,0.01,0.11044476,0.03,0.3313343,0.03,0.3313343
Kiribati,2002,0.01,0.10821574,0.04,0.43286297,0.04,0.43286297
Kiribati,2003,0.02,0.2120531,0.05,0.5301328,0.05,0.5301328
Kiribati,2004,0.02,0.20781596,0.05,0.5195399,0.05,0.5195399
Kiribati,2005,0.02,0.2037054,0.06,0.61111623,0.06,0.61111623
Kiribati,2006,0.02,0.19981018,0.07,0.69933563,0.07,0.69933563
Kiribati,2007,0.02,0.19605345,0.06,0.58816034,0.06,0.58816034
Kiribati,2008,0.02,0.19234283,0.06,0.5770285,0.06,0.5770285
Kiribati,2009,0.02,0.18865967,0.06,0.565979,0.06,0.565979
Kiribati,2010,0.02,0.18516633,0.05,0.4629158,0.05,0.4629158
Kiribati,2011,0.02,0.18200515,0.05,0.4550129,0.05,0.4550129
Kiribati,2012,0.02,0.1791633,0.06,0.53748995,0.06,0.53748995
Kiribati,2013,0.02,0.17649758,0.06,0.52949274,0.06,0.52949274
Kiribati,2014,0.02,0.17391002,0.06,0.52173007,0.06,0.52173007
Kiribati,2015,0.02,0.17135465,0.06,0.51406395,0.06,0.51406395
Kiribati,2016,0.02,0.16873507,0.06,0.50620526,0.06,0.50620526
Kiribati,2017,0.02,0.16614331,0.07,0.5815016,0.07,0.5815016
Kiribati,2018,0.02,0.1635644,0.07,0.5724754,0.07,0.5724754
Kiribati,2019,0.02,0.16096321,0.07,0.56337124,0.07,0.56337124
Kiribati,2020,0.02,0.15813652,0.06,0.47440955,0.06,0.47440955
Kuwait,1990,20.5,12.23923,28.75,17.164774,29.13,17.391647
Kuwait,1991,4.59,3.4266388,7.78,5.8081155,7.82,5.8379774
Kuwait,1992,11.81,7.287249,22.83,14.087036,23.05,14.222785
Kuwait,1993,15.92,9.627183,30.54,18.468225,30.74,18.58917
Kuwait,1994,20.9,12.73526,36.27,22.100855,36.67,22.344591
Kuwait,1995,20.43,12.3427105,35.47,21.429071,36.25,21.900307
Kuwait,1996,20.79,12.205589,34.83,20.448324,35.63,20.917997
Kuwait,1997,22.05,12.517933,36.51,20.72697,37.31,21.181137
Kuwait,1998,25.8,14.179307,41.61,22.868254,42.13,23.154037
Kuwait,1999,30.45,16.218954,45.18,24.064774,45.74,24.363052
Kuwait,2000,31.81,16.44004,49.38,25.520567,49.84,25.758305
Kuwait,2001,36.06,18.105354,52.84,26.53042,53.19,26.70615
Kuwait,2002,38.01,18.5653,55.01,26.868643,55.59,27.151934
Kuwait,2003,37.06,17.634922,57.44,27.3327,58.12,27.656279
Kuwait,2004,40.85,18.969252,60.98,28.31689,61.92,28.753393
Kuwait,2005,44.64,19.9695,69.16,30.93841,69.91,31.273918
Kuwait,2006,47.02,19.894924,71.66,30.320507,72.44,30.650537
Kuwait,2007,48.49,19.343586,69.8,27.844553,70.6,28.163687
Kuwait,2008,51.35,19.37048,74.92,28.261663,75.85,28.612482
Kuwait,2009,51.9,18.565199,76.94,27.522284,77.65,27.776257
Kuwait,2010,53.49,18.173084,80.01,27.183182,80.73,27.427801
Kuwait,2011,55.33,17.59957,82.49,26.238722,83.29,26.493189
Kuwait,2012,57.41,16.911816,84.48,24.886086,85.32,25.133533
Kuwait,2013,57.88,15.872667,86.32,23.671885,87.36,23.957088
Kuwait,2014,58.16,15.461547,84.6,22.49049,85.58,22.751017
Kuwait,2015,60.41,15.455089,87.94,22.49827,89.02,22.774574
Kuwait,2016,61.25,15.130592,89.98,22.227766,91.38,22.573608
Kuwait,2017,59.49,14.422153,89.19,21.622322,90.38,21.910812
Kuwait,2018,60.5,14.013745,91.47,21.187393,92.65,21.460718
Kuwait,2019,61.02,13.739823,92.5,20.82815,93.86,21.13438
Kuwait,2020,62.72,14.383833,91.12,20.896921,92.31,21.169828
Kyrgyzstan,1990,3.92,0.8919758,22.76,5.1789207,22.76,5.1789207
Kyrgyzstan,1991,3.93,0.8819379,20.42,4.5824866,20.42,4.5824866
Kyrgyzstan,1992,2.71,0.60205394,13.3,2.9547296,13.76,3.0569232
Kyrgyzstan,1993,1.52,0.33720544,9.79,2.1718693,10.08,2.2362044
Kyrgyzstan,1994,1.19,0.26264074,6.36,1.4036934,6.54,1.4434205
Kyrgyzstan,1995,2.2,0.47862953,4.46,0.9703126,4.59,0.99859524
Kyrgyzstan,1996,2.48,0.53143775,5.53,1.1850204,5.76,1.234307
Kyrgyzstan,1997,2.41,0.5086122,5.4,1.139629,5.68,1.1987209
Kyrgyzstan,1998,1.81,0.37626693,5.72,1.1890866,6.02,1.2514513
Kyrgyzstan,1999,1.74,0.35663658,4.62,0.94693166,4.78,0.97972584
Kyrgyzstan,2000,2.01,0.40727955,4.45,0.9016886,4.64,0.94018763
Kyrgyzstan,2001,1.77,0.35531873,3.76,0.7548014,3.96,0.79495037
Kyrgyzstan,2002,1.62,0.3222825,4.74,0.9429747,4.97,0.98873085
Kyrgyzstan,2003,1.67,0.32885176,5.26,1.0357846,5.58,1.098798
Kyrgyzstan,2004,1.66,0.3231431,5.19,1.0103089,5.56,1.0823348
Kyrgyzstan,2005,2.08,0.40053052,4.89,0.9416319,5.31,1.0225083
Kyrgyzstan,2006,1.95,0.37165618,4.88,0.9300934,5.36,1.021578
Kyrgyzstan,2007,1.93,0.36451015,5.96,1.1256375,6.47,1.2219589
Kyrgyzstan,2008,2.29,0.42840374,7.01,1.3114018,7.44,1.3918444
Kyrgyzstan,2009,2.13,0.39341834,6.52,1.2042665,6.73,1.2430543
Kyrgyzstan,2010,1.68,0.30635798,6.04,1.1014298,6.39,1.1652544
Kyrgyzstan,2011,1.77,0.31878456,7.21,1.2985518,7.69,1.3850019
Kyrgyzstan,2012,1.88,0.3338095,9.56,1.6974567,10.15,1.802216
Kyrgyzstan,2013,1.64,0.2867353,8.72,1.5245925,9.46,1.6539731
Kyrgyzstan,2014,2.28,0.39212814,9.03,1.5530338,9.85,1.6940624
Kyrgyzstan,2015,2.75,0.46492088,9.58,1.6196153,10.27,1.7362682
Kyrgyzstan,2016,1.83,0.30407244,9.07,1.5070693,9.68,1.6084268
Kyrgyzstan,2017,1.5,0.24504735,8.75,1.4294429,9.44,1.5421647
Kyrgyzstan,2018,1.58,0.25387633,10.39,1.6694778,11.31,1.8173045
Kyrgyzstan,2019,2.18,0.344738,9.09,1.4374626,10.02,1.5845296
Kyrgyzstan,2020,2.27,0.35331398,8.19,1.2747319,9.08,1.4132559
Laos,1990,,,0.51,0.11820764,0.51,0.11820764
Laos,1991,,,0.55,0.12395112,0.55,0.12395112
Laos,1992,,,0.59,0.12935428,0.6,0.13154672
Laos,1993,,,0.61,0.13019463,0.61,0.13019463
Laos,1994,,,0.63,0.13103281,0.64,0.1331127
Laos,1995,,,0.67,0.13597347,0.67,0.13597347
Laos,1996,,,0.75,0.14869387,0.78,0.15464163
Laos,1997,,,0.79,0.153382,0.83,0.16114818
Laos,1998,,,0.82,0.1562821,0.85,0.16199975
Laos,1999,,,0.85,0.15917425,0.88,0.16479215
Laos,2000,0.0,0.0,0.87,0.16019556,0.9,0.16571955
Laos,2001,0.0,0.0,0.96,0.17392206,1.0,0.18116881
Laos,2002,0.0,0.0,1.01,0.1801608,1.11,0.19799851
Laos,2003,0.0,0.0,1.05,0.18456437,1.15,0.20214193
Laos,2004,0.0,0.0,1.11,0.19243538,1.21,0.2097719
Laos,2005,0.0,0.0,1.16,0.19819002,1.26,0.21527536
Laos,2006,0.0,0.0,1.49,0.25056347,1.64,0.27578798
Laos,2007,0.0,0.0,1.58,0.26153073,1.73,0.2863596
Laos,2008,0.0,0.0,1.9,0.3096549,2.05,0.33410132
Laos,2009,0.0,0.0,2.16,0.3467132,2.54,0.40770903
Laos,2010,0.0,0.0,2.42,0.382704,2.88,0.45544937
Laos,2011,0.0,0.0,2.55,0.3974234,3.04,0.47379103
Laos,2012,0.0,0.0,2.71,0.416359,3.27,0.5023963
Laos,2013,0.0,0.0,3.34,0.50600415,4.16,0.6302327
Laos,2014,0.0,0.0,3.5,0.5230542,4.34,0.6485872
Laos,2015,3.71,0.54659945,7.69,1.1329783,8.88,1.3083028
Laos,2016,10.87,1.5773361,14.4,2.0895712,15.7,2.278213
Laos,2017,13.92,1.989161,17.55,2.5078862,19.05,2.7222354
Laos,2018,14.04,1.976071,17.83,2.5094976,19.66,2.7670624
Laos,2019,13.99,1.9398069,17.18,2.3821218,19.17,2.6580484
Laos,2020,13.72,1.8744713,16.83,2.2993698,19.18,2.6204345
Latvia,1990,9.84,3.6588113,18.78,6.9829755,18.78,6.9829755
Latvia,1991,8.83,3.296043,17.2,6.420378,17.2,6.420378
Latvia,1992,7.07,2.6550152,13.83,5.193615,13.97,5.2461896
Latvia,1993,5.31,2.0122104,11.74,4.448842,11.76,4.456421
Latvia,1994,4.46,1.7111305,10.15,3.8941646,10.22,3.921021
Latvia,1995,4.09,1.5913469,8.9,3.462833,9.0,3.5017412
Latvia,1996,4.32,1.7046208,8.9,3.5118344,9.01,3.5552392
Latvia,1997,3.81,1.5246824,8.42,3.3695083,8.53,3.413528
Latvia,1998,3.68,1.4945176,8.03,3.2611346,8.13,3.3017468
Latvia,1999,3.25,1.3394567,7.41,3.053961,7.55,3.1116607
Latvia,2000,2.71,1.1326894,6.84,2.8588912,6.93,2.8965082
Latvia,2001,2.61,1.1062814,7.25,3.073004,7.36,3.119629
Latvia,2002,2.49,1.0704383,7.23,3.10814,7.35,3.1597273
Latvia,2003,2.44,1.0634857,7.46,3.251477,7.59,3.3081381
Latvia,2004,2.23,0.9852204,7.48,3.3046854,7.62,3.3665378
Latvia,2005,2.21,0.9896268,7.58,3.3942857,7.72,3.456977
Latvia,2006,2.23,1.0118349,8.03,3.6435127,8.2,3.7206483
Latvia,2007,2.1,0.96504736,8.36,3.8418074,8.53,3.9199305
Latvia,2008,2.06,0.95795643,7.94,3.6923175,8.11,3.7713718
Latvia,2009,1.98,0.931209,7.19,3.3815117,7.36,3.461464
Latvia,2010,2.37,1.127746,8.09,3.8495634,8.52,4.0541754
Latvia,2011,2.18,1.0496039,7.34,3.5339875,7.9,3.8036106
Latvia,2012,1.98,0.96414405,7.0,3.40859,7.57,3.6861467
Latvia,2013,2.08,1.0238785,6.91,3.4014425,7.45,3.6672573
Latvia,2014,1.79,0.8900867,6.72,3.3415546,7.28,3.6200175
Latvia,2015,1.86,0.9337579,6.85,3.4388397,7.32,3.6747892
Latvia,2016,1.88,0.9526333,6.8,3.4456952,7.15,3.623047
Latvia,2017,1.57,0.80312616,6.68,3.4171228,7.12,3.6422026
Latvia,2018,1.96,1.0125892,7.23,3.7352142,7.79,4.024525
Latvia,2019,1.84,0.96005744,7.01,3.6576102,7.57,3.9498014
Latvia,2020,1.38,0.72744256,6.38,3.363104,6.93,3.6530268
Lebanon,1990,2.8,0.7791402,5.51,1.5332366,5.62,1.5638456
Lebanon,1991,3.17,0.8645294,6.95,1.8954192,7.04,1.9199642
Lebanon,1992,2.62,0.69952285,6.9,1.8422549,7.02,1.8742942
Lebanon,1993,3.19,0.8353409,10.14,2.6552844,10.33,2.7050383
Lebanon,1994,3.53,0.9078863,11.12,2.8599706,11.27,2.8985493
Lebanon,1995,3.62,0.9142241,12.83,3.240192,13.3,3.3588896
Lebanon,1996,4.97,1.2319515,13.34,3.3066864,14.12,3.500031
Lebanon,1997,5.94,1.4461143,15.28,3.719971,16.13,3.926906
Lebanon,1998,8.03,1.9216106,14.92,3.570415,16.26,3.8910823
Lebanon,1999,8.15,1.9176362,15.7,3.6940968,17.04,4.009389
Lebanon,2000,7.24,1.6756738,14.04,3.249511,15.67,3.626769
Lebanon,2001,7.67,1.7474706,15.2,3.463045,16.89,3.8480809
Lebanon,2002,8.56,1.925039,15.16,3.4092982,16.84,3.7871096
Lebanon,2003,8.58,1.9046321,15.11,3.3541946,17.41,3.8647604
Lebanon,2004,7.49,1.6372304,15.26,3.3356657,17.88,3.9083683
Lebanon,2005,7.36,1.5851642,14.53,3.1294072,17.28,3.72169
Lebanon,2006,8.24,1.7458093,14.22,3.0127923,16.23,3.438651
Lebanon,2007,8.05,1.6737331,12.78,2.6571813,15.04,3.127074
Lebanon,2008,9.62,1.9682401,16.32,3.339052,18.65,3.815767
Lebanon,2009,9.97,2.0136786,19.36,3.910212,21.9,4.4232254
Lebanon,2010,11.25,2.251892,18.29,3.661076,20.86,4.1755085
Lebanon,2011,11.69,2.3171177,18.6,3.686774,21.18,4.1981654
Lebanon,2012,11.14,2.1512694,21.08,4.070804,23.47,4.5323424
Lebanon,2013,12.22,2.1518407,20.71,3.6468594,23.24,4.0923715
Lebanon,2014,13.51,2.1532128,22.54,3.5924067,25.15,4.0083866
Lebanon,2015,14.27,2.2300565,24.62,3.8475115,27.02,4.2225738
Lebanon,2016,14.67,2.343964,25.46,4.067984,27.76,4.435477
Lebanon,2017,15.67,2.564961,26.93,4.4080663,29.17,4.774723
Lebanon,2018,15.34,2.5777864,25.35,4.2599015,27.4,4.6043906
Lebanon,2019,15.5,2.6807742,25.5,4.410306,26.92,4.6558995
Lebanon,2020,12.88,2.2744434,20.54,3.6271014,21.47,3.7913275
Lesotho,1990,0.0,0.0,1.4,0.7782084,1.4,0.7782084
Lesotho,1991,0.0,0.0,1.45,0.7925598,1.45,0.7925598
Lesotho,1992,0.0,0.0,1.5,0.807096,1.5,0.807096
Lesotho,1993,0.0,0.0,1.54,0.81676555,1.54,0.81676555
Lesotho,1994,0.0,0.0,1.58,0.8269446,1.58,0.8269446
Lesotho,1995,0.0,0.0,1.61,0.83243495,1.61,0.83243495
Lesotho,1996,0.0,0.0,1.64,0.8388309,1.64,0.8388309
Lesotho,1997,0.0,0.0,1.67,0.8466036,1.67,0.8466036
Lesotho,1998,0.0,0.0,1.71,0.8611785,1.71,0.8611785
Lesotho,1999,0.0,0.0,1.72,0.86248094,1.73,0.86749536
Lesotho,2000,0.0,0.0,1.75,0.8755989,1.75,0.8755989
Lesotho,2001,0.0,0.0,1.77,0.885231,1.77,0.885231
Lesotho,2002,0.0,0.0,1.8,0.9011097,1.8,0.9011097
Lesotho,2003,0.0,0.0,1.83,0.9181981,1.83,0.9181981
Lesotho,2004,0.0,0.0,1.87,0.9418823,1.87,0.9418823
Lesotho,2005,0.0,0.0,1.9,0.9608441,1.9,0.9608441
Lesotho,2006,0.0,0.0,1.92,0.97127306,1.92,0.97127306
Lesotho,2007,0.0,0.0,1.96,0.9881667,1.96,0.9881667
Lesotho,2008,0.0,0.0,2.01,1.0075107,2.01,1.0075107
Lesotho,2009,0.0,0.0,2.1,1.0452036,2.1,1.0452036
Lesotho,2010,0.0,0.0,2.16,1.0678521,2.16,1.0678521
Lesotho,2011,0.0,0.0,2.89,1.4182748,2.89,1.4182748
Lesotho,2012,0.0,0.0,2.92,1.4211168,2.92,1.4211168
Lesotho,2013,0.0,0.0,2.21,1.0656005,2.21,1.0656005
Lesotho,2014,0.0,0.0,2.35,1.121584,2.35,1.121584
Lesotho,2015,0.0,0.0,2.14,1.0101334,2.14,1.0101334
Lesotho,2016,0.0,0.0,2.13,0.9935276,2.13,0.9935276
Lesotho,2017,0.0,0.0,2.4,1.1056739,2.4,1.1056739
Lesotho,2018,0.0,0.0,2.28,1.0372925,2.28,1.0372925
Lesotho,2019,0.0,0.0,2.3,1.0333781,2.3,1.0333781
Lesotho,2020,0.0,0.0,2.31,1.0247974,2.31,1.0247974
Liberia,1990,0.25,0.113135636,0.43,0.1945933,0.45,0.20364414
Liberia,1991,0.21,0.10828962,0.37,0.190796,0.37,0.190796
Liberia,1992,0.23,0.112051204,0.4,0.19487166,0.4,0.19487166
Liberia,1993,0.23,0.10784067,0.42,0.19692644,0.42,0.19692644
Liberia,1994,0.23,0.108225,0.42,0.19762827,0.42,0.19762827
Liberia,1995,0.23,0.10735478,0.42,0.19603917,0.42,0.19603917
Liberia,1996,0.23,0.104356945,0.43,0.19510213,0.44,0.19963938
Liberia,1997,0.24,0.100700624,0.45,0.18881367,0.45,0.18881367
Liberia,1998,0.25,0.09472471,0.49,0.18566042,0.49,0.18566042
Liberia,1999,0.15,0.053768277,0.39,0.13979752,0.4,0.14338207
Liberia,2000,0.15,0.051809374,0.4,0.13815832,0.43,0.1485202
Liberia,2001,0.17,0.057015315,0.42,0.14086136,0.45,0.1509229
Liberia,2002,0.17,0.05554461,0.42,0.13722786,0.44,0.14376251
Liberia,2003,0.17,0.05510226,0.47,0.15234154,0.48,0.15558285
Liberia,2004,0.16,0.051241845,0.51,0.16333339,0.56,0.17934646
Liberia,2005,0.17,0.052046243,0.61,0.18675417,0.67,0.20512344
Liberia,2006,0.17,0.049198356,0.63,0.18232332,0.69,0.19968745
Liberia,2007,0.21,0.05780748,0.58,0.15965874,0.64,0.17617518
Liberia,2008,0.21,0.055498414,0.5,0.13213907,0.54,0.14271021
Liberia,2009,0.2,0.051215522,0.51,0.13059959,0.53,0.13572113
Liberia,2010,0.21,0.05223935,0.7,0.17413117,0.73,0.18159394
Liberia,2011,0.23,0.055008817,0.82,0.19611838,0.85,0.20329344
Liberia,2012,0.24,0.05540487,0.9,0.20776828,0.94,0.21700242
Liberia,2013,0.23,0.051950175,0.83,0.18747237,0.91,0.205542
Liberia,2014,0.23,0.050891597,1.09,0.24118192,1.21,0.26773405
Liberia,2015,0.24,0.052034438,1.13,0.24499547,1.25,0.2710127
Liberia,2016,0.3,0.063746974,1.3,0.27623686,1.4,0.29748586
Liberia,2017,0.28,0.058374293,1.16,0.24183635,1.27,0.2647691
Liberia,2018,0.24,0.04908582,1.0,0.20452423,1.13,0.23111239
Liberia,2019,0.25,0.050147533,1.01,0.20259604,1.15,0.23067866
Liberia,2020,0.25,0.04913917,1.02,0.2004878,1.18,0.23193689
Libya,1990,11.68,2.7566752,27.5,6.49046,28.6,6.750078
Libya,1991,11.86,2.7314734,27.85,6.414126,28.82,6.6375265
Libya,1992,11.79,2.6525216,25.4,5.714508,26.34,5.92599
Libya,1993,12.0,2.6402802,29.65,6.5236926,30.59,6.7305145
Libya,1994,14.35,3.091808,37.1,7.9934554,38.65,8.327414
Libya,1995,17.08,3.6086552,42.18,8.911773,43.49,9.188549
Libya,1996,17.26,3.5808556,44.0,9.128485,45.44,9.427236
Libya,1997,17.1,3.4881244,41.18,8.400057,42.2,8.60812
Libya,1998,18.0,3.6137555,40.69,8.169095,41.9,8.41202
Libya,1999,18.75,3.7069988,42.01,8.305655,43.22,8.544879
Libya,2000,19.36,3.7557309,43.51,8.440695,44.72,8.675427
Libya,2001,19.56,3.7074103,43.25,8.197622,44.46,8.426967
Libya,2002,20.71,3.8314064,44.27,8.19007,45.6,8.436124
Libya,2003,22.31,4.0251503,47.53,8.57532,48.93,8.827908
Libya,2004,21.44,3.76963,47.04,8.27068,48.47,8.522106
Libya,2005,24.78,4.244609,51.57,8.833513,53.0,9.078461
Libya,2006,26.24,4.392829,50.85,8.51278,52.93,8.8609915
Libya,2007,24.9,4.083857,47.38,7.770809,49.4,8.10211
Libya,2008,25.65,4.118248,51.16,8.214018,53.28,8.554396
Libya,2009,26.18,4.1162267,53.9,8.474585,56.4,8.867654
Libya,2010,26.68,4.109679,56.86,8.758484,59.56,9.174381
Libya,2011,19.21,3.104328,40.17,6.491455,41.51,6.7079983
Libya,2012,26.15,4.454946,57.55,9.804289,58.32,9.935467
Libya,2013,27.85,4.6531224,58.99,9.855932,59.77,9.986253
Libya,2014,25.74,4.221217,56.58,9.278807,59.29,9.723231
Libya,2015,25.98,4.1955733,49.39,7.976111,51.33,8.289406
Libya,2016,21.28,3.3873472,47.11,7.498963,48.69,7.7504673
Libya,2017,23.25,3.6451907,50.35,7.893994,52.1,8.168363
Libya,2018,24.36,3.7605412,52.36,8.083002,54.1,8.351612
Libya,2019,24.51,3.7311132,53.3,8.113763,54.69,8.32536
Libya,2020,19.57,2.941112,43.27,6.502908,44.47,6.6832523
Liechtenstein,1990,,,0.2,6.947098,0.2,6.947098
Liechtenstein,1991,,,0.21,7.193752,0.21,7.193752
Liechtenstein,1992,,,0.21,7.0929174,0.21,7.0929174
Liechtenstein,1993,,,0.22,7.324544,0.22,7.324544
Liechtenstein,1994,,,0.2,6.5642643,0.2,6.5642643
Liechtenstein,1995,,,0.2,6.470398,0.2,6.470398
Liechtenstein,1996,,,0.21,6.696215,0.21,6.696215
Liechtenstein,1997,,,0.22,6.919327,0.22,6.919327
Liechtenstein,1998,,,0.23,7.14064,0.23,7.14064
Liechtenstein,1999,,,0.23,7.0467844,0.23,7.0467844
Liechtenstein,2000,,,0.22,6.6557755,0.22,6.6557755
Liechtenstein,2001,,,0.21,6.287049,0.21,6.287049
Liechtenstein,2002,,,0.22,6.524705,0.22,6.524705
Liechtenstein,2003,,,0.23,6.760133,0.23,6.760133
Liechtenstein,2004,,,0.23,6.7004604,0.23,6.7004604
Liechtenstein,2005,,,0.23,6.6422157,0.23,6.6422157
Liechtenstein,2006,,,0.23,6.5876155,0.23,6.5876155
Liechtenstein,2007,,,0.2,5.685048,0.2,5.685048
Liechtenstein,2008,,,0.22,6.2103033,0.22,6.2103033
Liechtenstein,2009,,,0.21,5.882518,0.21,5.882518
Liechtenstein,2010,,,0.19,5.2854123,0.19,5.2854123
Liechtenstein,2011,,,0.18,4.9705906,0.18,4.9705906
Liechtenstein,2012,,,0.19,5.201774,0.19,5.201774
Liechtenstein,2013,,,0.19,5.1579976,0.19,5.1579976
Liechtenstein,2014,,,0.16,4.3103447,0.16,4.3103447
Liechtenstein,2015,,,0.16,4.280593,0.16,4.280593
Liechtenstein,2016,,,0.15,3.9861813,0.15,3.9861813
Liechtenstein,2017,,,0.16,4.2198544,0.16,4.2198544
Liechtenstein,2018,,,0.14,3.6644418,0.14,3.6644418
Liechtenstein,2019,,,0.15,3.8961039,0.15,3.8961039
Liechtenstein,2020,,,0.14,3.609829,0.14,3.609829
Lithuania,1990,13.66,3.6081717,32.22,8.510636,32.22,8.510636
Lithuania,1991,14.72,3.8803933,34.29,9.039312,34.29,9.039312
Lithuania,1992,8.65,2.2788658,19.24,5.0688295,20.0,5.2690535
Lithuania,1993,7.34,1.9374259,15.39,4.0622597,15.75,4.1572833
Lithuania,1994,7.27,1.9281462,14.44,3.8297703,14.82,3.930554
Lithuania,1995,6.41,1.710579,13.44,3.586612,13.75,3.669339
Lithuania,1996,7.11,1.9102515,13.92,3.7399015,14.24,3.8258765
Lithuania,1997,6.65,1.7997795,13.56,3.6699264,13.92,3.767358
Lithuania,1998,7.49,2.0433695,14.29,3.8984983,14.71,4.0130796
Lithuania,1999,6.05,1.6648555,11.9,3.2746744,12.25,3.3709884
Lithuania,2000,5.07,1.4084746,10.22,2.8391736,10.52,2.9225154
Lithuania,2001,5.53,1.5533075,10.87,3.0532465,11.16,3.1347039
Lithuania,2002,5.33,1.5160139,10.93,3.108824,11.22,3.1913087
Lithuania,2003,5.24,1.5102245,10.94,3.1530259,11.23,3.2366068
Lithuania,2004,5.4,1.5777512,11.56,3.377556,11.92,3.4827394
Lithuania,2005,5.7,1.6896218,12.45,3.6904898,12.83,3.803131
Lithuania,2006,5.24,1.5769182,12.5,3.7617326,13.02,3.9182205
Lithuania,2007,4.75,1.451527,12.69,3.877869,13.21,4.0367727
Lithuania,2008,4.91,1.5227715,12.61,3.9108245,13.07,4.0534873
Lithuania,2009,4.9,1.540647,11.41,3.5875065,11.69,3.6755435
Lithuania,2010,5.41,1.7234672,12.31,3.9216049,12.6,4.0139904
Lithuania,2011,4.54,1.4646106,11.53,3.7195947,11.85,3.8228273
Lithuania,2012,4.49,1.4657204,11.53,3.7638655,11.93,3.894442
Lithuania,2013,3.9,1.2878976,10.87,3.5896018,11.33,3.7415078
Lithuania,2014,3.2,1.0684731,10.46,3.4925714,10.86,3.6261306
Lithuania,2015,3.22,1.0864563,10.55,3.5596626,11.07,3.7351153
Lithuania,2016,2.94,1.0021557,10.75,3.6643445,11.2,3.817736
Lithuania,2017,2.61,0.8986205,10.77,3.7081006,11.22,3.8630352
Lithuania,2018,2.49,0.8657473,11.14,3.873263,11.65,4.050585
Lithuania,2019,2.31,0.8107872,11.16,3.91705,11.74,4.120624
Lithuania,2020,2.64,0.93608093,11.14,3.9499779,11.69,4.1449947
Low-income countries,1990,29.119999,0.09867376,179.12,0.6069521,184.66,0.6257245
Low-income countries,1991,28.58,0.09441087,176.38,0.5826518,181.37001,0.59913576
Low-income countries,1992,27.7,0.08883049,162.0,0.5195141,166.8,0.5349071
Low-income countries,1993,26.079998,0.08106435,153.48,0.47706127,158.3,0.49204326
Low-income countries,1994,28.36,0.08565125,150.18,0.45356503,155.04,0.46824294
Low-income countries,1995,29.16,0.0856012,147.75,0.43373036,152.94,0.44896597
Low-income countries,1996,30.59,0.08722198,142.23999,0.4055722,147.41,0.42031357
Low-income countries,1997,31.619999,0.08768755,142.35,0.3947604,147.2,0.40821025
Low-income countries,1998,31.029999,0.08376277,141.08,0.38083315,145.95999,0.39400625
Low-income countries,1999,34.489998,0.090583175,147.11,0.38636395,152.93001,0.4016494
Low-income countries,2000,37.07,0.09482502,154.67001,0.39564574,160.23999,0.4098937
Low-income countries,2001,38.93,0.096992776,159.95,0.39850998,165.93001,0.41340896
Low-income countries,2002,40.4,0.097738035,158.79,0.38415402,164.89,0.3989115
Low-income countries,2003,42.739998,0.10033211,165.73,0.38905108,172.45999,0.4048497
Low-income countries,2004,43.45,0.099129505,171.67,0.3916585,178.47,0.40717247
Low-income countries,2005,47.27,0.1048053,189.92,0.42108363,196.93,0.43662593
Low-income countries,2006,50.18,0.10799672,198.91,0.4280914,205.98999,0.44332886
Low-income countries,2007,51.09,0.10675823,194.06999,0.4055308,201.34,0.4207223
Low-income countries,2008,54.55,0.11077927,207.73,0.42185476,215.33,0.43728873
Low-income countries,2009,53.57,0.1057378,193.08,0.3811061,200.85,0.39644274
Low-income countries,2010,51.29,0.09841354,192.56,0.3694777,201.37,0.38638204
Low-income countries,2011,46.94,0.08756905,177.93001,0.33193782,187.58,0.34994042
Low-income countries,2012,40.149998,0.0728951,165.71,0.30085802,176.78,0.32095635
Low-income countries,2013,35.02,0.061994225,150.28,0.26603347,161.56,0.28600192
Low-income countries,2014,33.86,0.058476526,156.44,0.27017328,167.42,0.28913584
Low-income countries,2015,32.32,0.054429185,139.76,0.2353658,152.13,0.25619775
Low-income countries,2016,34.350002,0.056347083,143.93001,0.23609999,157.35,0.2581139
Low-income countries,2017,35.309998,0.056388836,175.13,0.27967653,189.14,0.30205
Low-income countries,2018,35.99,0.0559354,180.36,0.28031424,194.73,0.30264798
Low-income countries,2019,35.67,0.05391206,188.05,0.284221,203.34999,0.30734557
Low-income countries,2020,33.6,0.049392957,176.58,0.25957763,191.84,0.28201026
Lower-middle-income countries,1990,861.11,0.4261543,2178.6199,1.078176,2240.2,1.1086514
Lower-middle-income countries,1991,871.41,0.4217726,2238.77,1.0835907,2306.68,1.11646
Lower-middle-income countries,1992,854.63,0.40499502,2203.85,1.044368,2285.99,1.0832927
Lower-middle-income countries,1993,885.29,0.41104674,2184.48,1.0142704,2267.19,1.0526732
Lower-middle-income countries,1994,861.95996,0.3922362,2167.51,0.9863288,2252.9001,1.0251857
Lower-middle-income countries,1995,911.28,0.4064981,2265.7,1.0106692,2355.28,1.0506287
Lower-middle-income countries,1996,909.07996,0.39770186,2306.68,1.0091201,2401.07,1.0504137
Lower-middle-income countries,1997,943.82,0.40503687,2394.3,1.027505,2497.35,1.0717286
Lower-middle-income countries,1998,980.06006,0.4126452,2416.94,1.0176302,2520.76,1.0613427
Lower-middle-income countries,1999,1041.21,0.43025294,2543.97,1.0512295,2656.21,1.0976096
Lower-middle-income countries,2000,1074.0599,0.43561935,2607.1,1.0573928,2726.67,1.1058881
Lower-middle-income countries,2001,1114.28,0.44361827,2688.76,1.0704517,2814.17,1.12038
Lower-middle-income countries,2002,1149.16,0.4494243,2755.18,1.0775216,2888.87,1.1298064
Lower-middle-income countries,2003,1205.26,0.46327716,2876.33,1.105602,3014.79,1.1588233
Lower-middle-income countries,2004,1269.11,0.47950238,3005.52,1.1355628,3155.9202,1.1923877
Lower-middle-income countries,2005,1327.12,0.49309525,3107.29,1.1545225,3268.75,1.2145135
Lower-middle-income countries,2006,1394.96,0.50995225,3269.04,1.1950554,3440.71,1.2578123
Lower-middle-income countries,2007,1484.05,0.53391004,3474.69,1.2500737,3660.56,1.3169433
Lower-middle-income countries,2008,1544.42,0.54694664,3586.95,1.2702957,3785.76,1.340703
Lower-middle-income countries,2009,1609.36,0.56108254,3719.44,1.2967346,3935.1099,1.3719251
Lower-middle-income countries,2010,1668.29,0.5724814,3910.69,1.3419713,4141.35,1.4211233
Lower-middle-income countries,2011,1770.2,0.5979213,4127.2603,1.3940667,4372.56,1.4769217
Lower-middle-income countries,2012,1925.74,0.6404258,4311.27,1.4337597,4574.14,1.52118
Lower-middle-income countries,2013,1968.7599,0.64483356,4390.65,1.4380821,4668.74,1.5291657
Lower-middle-income countries,2014,2134.37,0.6887012,4650.61,1.5006208,4941.89,1.5946089
Lower-middle-income countries,2015,2148.48,0.6831493,4682.04,1.4887419,4978.84,1.583115
Lower-middle-income countries,2016,2200.3699,0.6895722,4808.88,1.5070511,5123.1396,1.6055367
Lower-middle-income countries,2017,2295.11,0.70907754,5021.0,1.5512452,5342.2397,1.6504925
Lower-middle-income countries,2018,2444.0,0.7447024,5290.6997,1.61211,5643.9897,1.7197597
Lower-middle-income countries,2019,2472.93,0.7435033,5330.7397,1.6027232,5700.73,1.7139633
Lower-middle-income countries,2020,2326.97,0.69055545,5005.82,1.4855355,5356.0503,1.5894705
Luxembourg,1990,1.73,4.5374074,10.75,28.194872,11.29,29.611174
Luxembourg,1991,1.86,4.8136024,11.24,29.08865,11.75,30.408508
Luxembourg,1992,1.75,4.469713,10.92,27.89101,11.44,29.219154
Luxembourg,1993,1.77,4.461754,11.21,28.257774,11.65,29.366909
Luxembourg,1994,1.39,3.45729,10.32,25.668512,10.81,26.88727
Luxembourg,1995,0.91,2.2323673,8.23,20.18943,8.66,21.244287
Luxembourg,1996,0.74,1.7908916,8.31,20.11123,8.74,21.151882
Luxembourg,1997,0.45,1.0754924,7.8,18.641869,8.24,19.69346
Luxembourg,1998,0.16,0.37773356,7.12,16.809143,7.57,17.87152
Luxembourg,1999,0.18,0.41923642,7.45,17.35173,7.92,18.446404
Luxembourg,2000,0.23,0.52796614,8.07,18.524723,8.56,19.649523
Luxembourg,2001,0.41,0.9291701,8.69,19.693872,9.12,20.668367
Luxembourg,2002,1.15,2.578938,9.37,21.012737,9.82,22.021887
Luxembourg,2003,1.16,2.570062,9.85,21.82337,10.24,22.687443
Luxembourg,2004,1.38,3.01443,11.23,24.53047,11.66,25.46975
Luxembourg,2005,1.35,2.90405,11.49,24.716694,11.91,25.620176
Luxembourg,2006,1.42,3.0059144,11.3,23.920305,11.72,24.809378
Luxembourg,2007,1.27,2.6465116,10.7,22.29738,11.11,23.151766
Luxembourg,2008,1.1,2.2511322,10.64,21.774588,11.02,22.552252
Luxembourg,2009,1.24,2.49058,10.09,20.26609,10.44,20.969076
Luxembourg,2010,1.29,2.5440023,10.66,21.022532,11.03,21.752207
Luxembourg,2011,1.09,2.1034067,10.52,20.300768,10.91,21.053362
Luxembourg,2012,1.11,2.0919871,10.32,19.449825,10.7,20.166002
Luxembourg,2013,0.76,1.3994564,9.8,18.045622,10.17,18.726936
Luxembourg,2014,0.71,1.2768062,9.28,16.688396,9.64,17.33579
Luxembourg,2015,0.48,0.84297043,8.8,15.454457,9.13,16.034
Luxembourg,2016,0.27,0.46283996,8.49,14.553745,8.85,15.170865
Luxembourg,2017,0.27,0.45279983,8.64,14.489594,9.01,15.110098
Luxembourg,2018,0.24,0.3947888,8.95,14.722332,9.32,15.330965
Luxembourg,2019,0.24,0.38710862,9.11,14.693998,9.5,15.3230505
Luxembourg,2020,0.23,0.36484712,7.45,11.817875,7.85,12.452392
Madagascar,1990,0.19,0.015989548,0.87,0.0732153,0.89,0.07489841
Madagascar,1991,0.2,0.016332842,0.93,0.07594772,0.95,0.077581
Madagascar,1992,0.19,0.015051481,0.94,0.07446522,0.96,0.07604959
Madagascar,1993,0.19,0.0145928105,0.97,0.074500136,1.0,0.076804265
Madagascar,1994,0.2,0.014885244,1.2,0.089311466,1.21,0.09005573
Madagascar,1995,0.23,0.016583586,1.36,0.09805946,1.37,0.09878048
Madagascar,1996,0.12,0.008381374,1.29,0.09009977,1.31,0.09149666
Madagascar,1997,0.19,0.012856156,1.4,0.094729565,1.42,0.096082844
Madagascar,1998,0.28,0.018359529,1.61,0.10556729,1.63,0.10687868
Madagascar,1999,0.28,0.01779938,1.65,0.10488921,1.67,0.10616059
Madagascar,2000,0.35,0.021583047,1.63,0.10051533,1.65,0.101748645
Madagascar,2001,0.34,0.020347506,1.65,0.09874526,1.67,0.09994216
Madagascar,2002,0.28,0.016267778,1.11,0.064490125,1.12,0.06507111
Madagascar,2003,0.37,0.020875284,1.47,0.082936935,1.55,0.08745051
Madagascar,2004,0.38,0.020821033,1.58,0.08657166,1.65,0.09040712
Madagascar,2005,0.36,0.01915691,1.65,0.08780251,1.71,0.09099533
Madagascar,2006,0.38,0.019637937,1.58,0.08165247,1.64,0.0847532
Madagascar,2007,0.36,0.01806779,1.62,0.08130506,1.72,0.08632389
Madagascar,2008,0.42,0.020474227,1.72,0.08384684,1.78,0.08677173
Madagascar,2009,0.38,0.017994901,1.63,0.077188656,1.69,0.08002996
Madagascar,2010,0.45,0.020707695,1.81,0.08329095,1.87,0.08605198
Madagascar,2011,0.65,0.02908517,2.12,0.0948624,2.19,0.097994655
Madagascar,2012,0.97,0.042235903,2.65,0.11538675,2.74,0.11930554
Madagascar,2013,1.09,0.046209786,2.84,0.1203998,2.93,0.12421529
Madagascar,2014,1.12,0.04625045,2.95,0.12182038,3.01,0.12429809
Madagascar,2015,1.33,0.053519163,3.23,0.12997511,3.28,0.13198711
Madagascar,2016,1.23,0.048231617,3.12,0.122343615,3.18,0.124696374
Madagascar,2017,1.42,0.054261558,3.4,0.12992203,3.48,0.13297904
Madagascar,2018,1.26,0.046933416,3.25,0.12105841,3.3,0.12292085
Madagascar,2019,1.52,0.05520621,3.88,0.14092112,3.93,0.1427371
Madagascar,2020,0.93,0.0329493,2.71,0.09601355,2.75,0.09743073
Malawi,1990,0.01,0.0010482544,0.67,0.07023305,0.72,0.075474314
Malawi,1991,0.01,0.0010171301,0.73,0.0742505,0.79,0.080353275
Malawi,1992,0.01,0.0009885894,0.74,0.07315562,0.79,0.078098565
Malawi,1993,0.11,0.01072414,0.82,0.0799436,0.89,0.086768046
Malawi,1994,0.13,0.0128308935,0.85,0.083894305,0.91,0.08981626
Malawi,1995,0.13,0.012854978,0.85,0.08405179,0.91,0.08998486
Malawi,1996,0.16,0.015518123,0.87,0.0843798,0.93,0.09019909
Malawi,1997,0.16,0.0152197145,0.88,0.08370843,0.92,0.08751336
Malawi,1998,0.17,0.015839795,0.86,0.080130726,0.9,0.08385774
Malawi,1999,0.16,0.014579979,0.89,0.081101134,0.93,0.08474612
Malawi,2000,0.15,0.013357816,0.82,0.07302273,0.88,0.078365855
Malawi,2001,0.14,0.01217516,0.79,0.06870269,0.85,0.073920615
Malawi,2002,0.15,0.012728584,0.81,0.068734355,0.86,0.072977215
Malawi,2003,0.13,0.010754495,0.81,0.06700878,0.89,0.073626935
Malawi,2004,0.16,0.012891433,0.86,0.06929145,0.9,0.07251431
Malawi,2005,0.17,0.013327431,0.84,0.065853186,0.85,0.06663715
Malawi,2006,0.18,0.013721281,0.86,0.06555723,0.86,0.06555723
Malawi,2007,0.17,0.012596826,0.91,0.06743007,0.93,0.06891205
Malawi,2008,0.15,0.010799587,1.01,0.07271722,1.01,0.07271722
Malawi,2009,0.15,0.01049029,1.03,0.07203332,1.04,0.07273267
Malawi,2010,0.15,0.010191307,0.97,0.06590378,0.98,0.06658321
Malawi,2011,0.15,0.009903543,1.06,0.06998503,1.07,0.07064527
Malawi,2012,0.14,0.008985158,1.05,0.06738869,1.08,0.06931408
Malawi,2013,0.15,0.009360506,1.08,0.06739564,1.15,0.07176388
Malawi,2014,0.14,0.008496191,0.92,0.055832114,1.05,0.06372143
Malawi,2015,0.13,0.007674622,1.02,0.060216267,1.09,0.06434876
Malawi,2016,0.14,0.008043378,1.15,0.0660706,1.22,0.07009229
Malawi,2017,0.14,0.007829464,1.3,0.07270217,1.39,0.077735394
Malawi,2018,0.14,0.0076219984,1.5,0.08166427,1.61,0.08765298
Malawi,2019,0.14,0.0074202297,1.53,0.081092514,1.64,0.08692269
Malawi,2020,0.15,0.007741113,1.54,0.07947543,1.64,0.084636174
Malaysia,1990,18.98,1.0835152,51.37,2.9325697,54.62,3.1181033
Malaysia,1991,26.47,1.4691297,61.71,3.4250093,65.1,3.61316
Malaysia,1992,26.11,1.4093168,63.9,3.4490747,67.17,3.6255767
Malaysia,1993,29.82,1.5653483,69.62,3.654579,73.04,3.8341057
Malaysia,1994,31.44,1.6050065,75.73,3.8660033,79.74,4.070713
Malaysia,1995,34.72,1.724199,82.03,4.073619,86.31,4.2861643
Malaysia,1996,38.28,1.8502532,93.85,4.536214,98.64,4.7677374
Malaysia,1997,42.03,1.9779589,100.81,4.7441835,106.02,4.9893694
Malaysia,1998,44.88,2.0577204,100.36,4.6014447,105.69,4.845822
Malaysia,1999,48.66,2.1753657,108.97,4.8715496,114.45,5.116535
Malaysia,2000,52.7,2.2967815,117.77,5.1326747,124.36,5.4198813
Malaysia,2001,54.86,2.3302517,123.13,5.2301106,129.46,5.4989862
Malaysia,2002,57.7,2.3899813,129.23,5.3528123,136.38,5.6489716
Malaysia,2003,61.1,2.4697425,136.28,5.5086174,144.01,5.821074
Malaysia,2004,68.02,2.6850088,150.08,5.92423,157.85,6.230942
Malaysia,2005,75.4,2.9085534,159.36,6.1473083,166.97,6.440864
Malaysia,2006,79.63,3.0038383,165.5,6.243065,173.63,6.5497484
Malaysia,2007,86.31,3.1857402,181.59,6.702567,189.46,6.9930525
Malaysia,2008,97.27,3.5160835,194.04,7.014093,202.46,7.318456
Malaysia,2009,91.91,3.2572322,173.54,6.150148,181.47,6.431182
Malaysia,2010,106.5,3.7085106,192.81,6.713971,199.87,6.9598126
Malaysia,2011,110.5,3.786303,194.64,6.669376,202.4,6.9352736
Malaysia,2012,108.86,3.6702363,197.3,6.652008,205.42,6.9257755
Malaysia,2013,113.8,3.776364,214.29,7.1110463,223.09,7.4030676
Malaysia,2014,119.18,3.89395,226.8,7.4102015,236.26,7.719287
Malaysia,2015,123.54,3.976332,227.56,7.324382,236.23,7.6034393
Malaysia,2016,118.49,3.7584357,222.54,7.0588427,231.67,7.348441
Malaysia,2017,109.34,3.4194596,216.33,6.765426,225.1,7.039696
Malaysia,2018,125.29,3.8670623,232.39,7.1726923,241.45,7.452328
Malaysia,2019,125.52,3.8263597,235.76,7.186923,244.88,7.4649377
Malaysia,2020,130.97,3.944881,233.85,7.0436773,245.14,7.3837376
Maldives,1990,0.03,0.13334756,0.16,0.71118695,0.16,0.71118695
Maldives,1991,0.03,0.12922178,0.16,0.6891828,0.16,0.6891828
Maldives,1992,0.03,0.12544638,0.23,0.9617556,0.23,0.9617556
Maldives,1993,0.04,0.1626995,0.2,0.81349754,0.2,0.81349754
Maldives,1994,0.05,0.1982467,0.2,0.7929868,0.2,0.7929868
Maldives,1995,0.06,0.2323627,0.26,1.006905,0.26,1.006905
Maldives,1996,0.06,0.22739245,0.28,1.0611647,0.28,1.0611647
Maldives,1997,0.07,0.26017082,0.34,1.2636869,0.34,1.2636869
Maldives,1998,0.08,0.29217768,0.31,1.1321884,0.31,1.1321884
Maldives,1999,0.1,0.35955572,0.43,1.5460896,0.43,1.5460896
Maldives,2000,0.16,0.56633157,0.46,1.6282033,0.46,1.6282033
Maldives,2001,0.16,0.556851,0.48,1.670553,0.48,1.670553
Maldives,2002,0.19,0.6500327,0.61,2.086947,0.61,2.086947
Maldives,2003,0.2,0.67287505,0.53,1.783119,0.53,1.783119
Maldives,2004,0.23,0.7612315,0.69,2.2836945,0.69,2.2836945
Maldives,2005,0.22,0.7165587,0.63,2.0519636,0.63,2.0519636
Maldives,2006,0.27,0.85874856,0.79,2.5126348,0.79,2.5126348
Maldives,2007,0.28,0.8611807,0.81,2.491273,0.81,2.491273
Maldives,2008,0.34,1.0092314,0.87,2.5824454,0.87,2.5824454
Maldives,2009,0.35,1.0027504,0.92,2.635801,0.92,2.635801
Maldives,2010,0.32,0.88500714,0.96,2.6550214,0.96,2.6550214
Maldives,2011,0.34,0.9079984,1.01,2.6972895,1.01,2.6972895
Maldives,2012,0.36,0.92890763,1.14,2.9415407,1.14,2.9415407
Maldives,2013,0.36,0.8983358,1.13,2.8197763,1.13,2.8197763
Maldives,2014,0.49,1.1757761,1.36,3.2633786,1.36,3.2633786
Maldives,2015,0.53,1.2167405,1.34,3.0762873,1.34,3.0762873
Maldives,2016,0.54,1.1887387,1.47,3.2360108,1.47,3.2360108
Maldives,2017,0.59,1.2488121,1.55,3.2807775,1.55,3.2807775
Maldives,2018,0.64,1.3067278,1.78,3.6343367,1.78,3.6343367
Maldives,2019,0.69,1.367642,2.0,3.9641798,2.0,3.9641798
Maldives,2020,0.49,0.9524717,1.46,2.8379767,1.45,2.8185387
Mali,1990,0.04,0.004471757,0.43,0.04807139,0.44,0.049189325
Mali,1991,0.04,0.004384059,0.43,0.047128633,0.44,0.048224647
Mali,1992,0.03,0.003222144,0.47,0.050480254,0.48,0.051554304
Mali,1993,0.04,0.004207641,0.51,0.05364742,0.52,0.054699328
Mali,1994,0.02,0.00205935,0.56,0.0576618,0.57,0.058691476
Mali,1995,0.03,0.0030238593,0.61,0.06148514,0.61,0.06148514
Mali,1996,0.1,0.009869805,0.66,0.06514071,0.67,0.06612769
Mali,1997,0.13,0.012549098,0.73,0.070468016,0.74,0.07143333
Mali,1998,0.47,0.044254158,0.96,0.09039147,0.96,0.09039147
Mali,1999,0.5,0.04580014,1.0,0.09160028,1.0,0.09160028
Mali,2000,0.55,0.04893629,1.09,0.09698283,1.09,0.09698283
Mali,2001,0.55,0.04748,1.2,0.10359272,1.2,0.10359272
Mali,2002,0.57,0.04768813,1.24,0.1037426,1.24,0.1037426
Mali,2003,0.6,0.048613828,1.28,0.103709504,1.28,0.103709504
Mali,2004,0.48,0.037641164,1.45,0.113707684,1.45,0.113707684
Mali,2005,0.57,0.04324552,1.5,0.113804,1.5,0.113804
Mali,2006,0.59,0.04330739,1.58,0.11597572,1.58,0.11597572
Mali,2007,0.58,0.0411905,1.84,0.13067332,1.84,0.13067332
Mali,2008,0.42,0.028863754,2.02,0.13882092,2.02,0.13882092
Mali,2009,0.47,0.03126529,1.94,0.12905248,1.94,0.12905248
Mali,2010,0.69,0.044432472,2.15,0.13844901,2.15,0.13844901
Mali,2011,0.69,0.04301817,2.35,0.14651115,2.35,0.14651115
Mali,2012,0.73,0.044203073,2.51,0.15198591,2.51,0.15198591
Mali,2013,1.07,0.06292623,2.64,0.15525724,2.81,0.16525486
Mali,2014,1.34,0.07634534,2.92,0.16636448,3.17,0.180608
Mali,2015,1.41,0.07784503,3.1,0.17114864,3.34,0.18439886
Mali,2016,0.96,0.0513366,3.16,0.16898298,3.41,0.18235189
Mali,2017,1.26,0.06524658,3.37,0.17450872,3.63,0.1879723
Mali,2018,1.43,0.071735635,3.5,0.17557673,3.87,0.1941377
Mali,2019,1.46,0.07098602,3.55,0.172603,3.94,0.191565
Mali,2020,1.46,0.068789914,3.57,0.16820547,4.15,0.19553298
Malta,1990,1.77,4.8440595,2.31,6.3219085,2.31,6.3219085
Malta,1991,1.61,4.366978,2.21,5.9944234,2.21,5.9944234
Malta,1992,1.54,4.1409874,2.17,5.835027,2.17,5.835027
Malta,1993,2.11,5.622813,2.81,7.4882016,2.81,7.4882016
Malta,1994,1.81,4.7811756,2.51,6.6302485,2.51,6.6302485
Malta,1995,1.58,4.137642,2.38,6.2326508,2.38,6.2326508
Malta,1996,1.63,4.230788,2.32,6.021735,2.32,6.021735
Malta,1997,1.6,4.1147714,2.47,6.352178,2.47,6.352178
Malta,1998,1.62,4.1275253,2.37,6.0384164,2.37,6.0384164
Malta,1999,1.69,4.267752,2.41,6.085966,2.41,6.085966
Malta,2000,1.59,3.9828463,2.13,5.3355107,2.13,5.3355107
Malta,2001,1.98,4.923377,2.49,6.1915193,2.49,6.1915193
Malta,2002,1.94,4.7935796,2.32,5.732528,2.32,5.732528
Malta,2003,2.14,5.2589417,2.61,6.413943,2.61,6.413943
Malta,2004,2.05,5.0146155,2.6,6.3600006,2.6,6.3600006
Malta,2005,1.97,4.802336,2.63,6.411241,2.63,6.411241
Malta,2006,1.99,4.839447,2.65,6.44449,2.65,6.44449
Malta,2007,2.03,4.9260964,2.72,6.600484,2.72,6.600484
Malta,2008,1.99,4.813658,2.72,6.5794725,2.72,6.5794725
Malta,2009,1.86,4.4764376,2.51,6.040784,2.51,6.040784
Malta,2010,1.86,4.441706,2.59,6.1849566,2.59,6.1849566
Malta,2011,1.91,4.5092154,2.57,6.0673738,2.57,6.0673738
Malta,2012,2.02,4.698636,2.72,6.326876,2.72,6.326876
Malta,2013,1.64,3.7483058,2.37,5.416759,2.37,5.416759
Malta,2014,1.6,3.583836,2.36,5.286158,2.36,5.286158
Malta,2015,0.85,1.8616468,1.66,3.6356866,1.66,3.6356866
Malta,2016,0.56,1.1973052,1.35,2.886361,1.35,2.886361
Malta,2017,0.71,1.4806875,1.52,3.1699224,1.52,3.1699224
Malta,2018,0.7,1.4239509,1.55,3.153034,1.55,3.153034
Malta,2019,0.75,1.4891412,1.66,3.295966,1.66,3.295966
Malta,2020,0.82,1.5911084,1.61,3.1240056,1.61,3.1240056
Marshall Islands,1990,0.0,0.0,0.0,0.0,0.0,0.0
Marshall Islands,1991,0.0,0.0,0.0,0.0,0.0,0.0
Marshall Islands,1992,0.05,1.0409727,0.08,1.6655563,0.08,1.6655563
Marshall Islands,1993,0.05,1.0212209,0.08,1.6339536,0.09,1.8381977
Marshall Islands,1994,0.05,1.002828,0.09,1.8050903,0.09,1.8050903
Marshall Islands,1995,0.06,1.1828953,0.09,1.774343,0.09,1.774343
Marshall Islands,1996,0.06,1.1637831,0.09,1.7456746,0.09,1.7456746
Marshall Islands,1997,0.06,1.1455629,0.09,1.7183443,0.09,1.7183443
Marshall Islands,1998,0.06,1.1281164,0.1,1.8801941,0.1,1.8801941
Marshall Islands,1999,0.06,1.1141647,0.1,1.8569412,0.1,1.8569412
Marshall Islands,2000,0.07,1.2904891,0.1,1.8435558,0.1,1.8435558
Marshall Islands,2001,0.07,1.2860554,0.11,2.0209444,0.11,2.0209444
Marshall Islands,2002,0.07,1.2841445,0.12,2.2013905,0.12,2.2013905
Marshall Islands,2003,0.07,1.2840031,0.11,2.0177193,0.11,2.0177193
Marshall Islands,2004,0.07,1.2855359,0.12,2.203776,0.12,2.203776
Marshall Islands,2005,0.07,1.2878063,0.12,2.207668,0.12,2.207668
Marshall Islands,2006,0.07,1.2909412,0.13,2.3974621,0.13,2.3974621
Marshall Islands,2007,0.07,1.2948337,0.13,2.4046907,0.13,2.4046907
Marshall Islands,2008,0.06,1.114558,0.13,2.4148755,0.13,2.4148755
Marshall Islands,2009,0.06,1.119069,0.14,2.6111608,0.14,2.6111608
Marshall Islands,2010,0.06,1.1229436,0.14,2.6202018,0.14,2.6202018
Marshall Islands,2011,0.05,0.9435564,0.14,2.641958,0.14,2.641958
Marshall Islands,2012,0.05,0.95743257,0.14,2.6808112,0.14,2.6808112
Marshall Islands,2013,0.06,1.1679515,0.14,2.72522,0.14,2.72522
Marshall Islands,2014,0.06,1.1895322,0.14,2.775575,0.14,2.775575
Marshall Islands,2015,0.06,1.213936,0.15,3.0348399,0.15,3.0348399
Marshall Islands,2016,0.06,1.2408488,0.15,3.1021218,0.15,3.1021218
Marshall Islands,2017,0.06,1.2710787,0.15,3.1776967,0.15,3.1776967
Marshall Islands,2018,0.06,1.3040076,0.15,3.260019,0.15,3.260019
Marshall Islands,2019,0.06,1.3407822,0.15,3.3519554,0.15,3.3519554
Marshall Islands,2020,0.04,0.9208739,0.11,2.5324032,0.11,2.5324032
Mauritania,1990,0.2,0.099699154,0.84,0.41873646,0.84,0.41873646
Mauritania,1991,0.2,0.09679104,0.86,0.41620147,0.86,0.41620147
Mauritania,1992,0.22,0.10244299,0.9,0.41908494,0.9,0.41908494
Mauritania,1993,0.22,0.098342925,0.91,0.4067821,0.91,0.4067821
Mauritania,1994,0.23,0.09934355,0.95,0.41033208,0.95,0.41033208
Mauritania,1995,0.28,0.117630005,1.0,0.42010716,1.0,0.42010716
Mauritania,1996,0.3,0.12351626,1.06,0.43642414,1.06,0.43642414
Mauritania,1997,0.27,0.108683094,1.05,0.42265648,1.05,0.42265648
Mauritania,1998,0.26,0.10194063,0.99,0.3881586,0.99,0.3881586
Mauritania,1999,0.3,0.114476904,1.11,0.42356452,1.11,0.42356452
Mauritania,2000,0.33,0.12244816,1.12,0.41558164,1.12,0.41558164
Mauritania,2001,0.36,0.13034835,1.18,0.42725295,1.18,0.42725295
Mauritania,2002,0.33,0.1169504,1.27,0.45008186,1.27,0.45008186
Mauritania,2003,0.29,0.10057822,1.3,0.4508679,1.3,0.4508679
Mauritania,2004,0.3,0.10181285,1.41,0.47852036,1.41,0.47852036
Mauritania,2005,0.34,0.112868205,1.45,0.48134968,1.45,0.48134968
Mauritania,2006,0.35,0.113591075,1.46,0.47383705,1.46,0.47383705
Mauritania,2007,0.38,0.120500304,1.72,0.54542243,1.72,0.54542243
Mauritania,2008,0.45,0.13917488,1.8,0.5566995,1.8,0.5566995
Mauritania,2009,0.44,0.13242541,1.99,0.59892404,1.99,0.59892404
Mauritania,2010,0.54,0.15791959,2.07,0.60535836,2.07,0.60535836
Mauritania,2011,0.56,0.15889905,2.18,0.61857134,2.18,0.61857134
Mauritania,2012,0.59,0.16226079,2.36,0.64904314,2.36,0.64904314
Mauritania,2013,0.54,0.14427066,2.1,0.56105256,2.1,0.56105256
Mauritania,2014,0.58,0.15091665,2.53,0.6583088,2.53,0.6583088
Mauritania,2015,0.6,0.15204404,2.97,0.752618,2.97,0.752618
Mauritania,2016,0.56,0.1382069,2.58,0.63673896,2.58,0.63673896
Mauritania,2017,0.74,0.17788385,3.41,0.819708,3.41,0.819708
Mauritania,2018,0.71,0.16624843,3.72,0.8710481,3.72,0.8710481
Mauritania,2019,0.76,0.17336348,3.82,0.87137955,3.82,0.87137955
Mauritania,2020,0.76,0.16894126,3.85,0.85582083,3.85,0.85582083
Mauritius,1990,0.44,0.40356013,1.16,1.0639312,1.16,1.0639312
Mauritius,1991,0.49,0.44373327,1.25,1.1319727,1.25,1.1319727
Mauritius,1992,0.5,0.44693977,1.32,1.1799209,1.32,1.1799209
Mauritius,1993,0.53,0.46767733,1.47,1.2971427,1.47,1.2971427
Mauritius,1994,0.6,0.5230285,1.51,1.3162885,1.51,1.3162885
Mauritius,1995,0.64,0.5516205,1.55,1.3359559,1.55,1.3359559
Mauritius,1996,0.69,0.58846354,1.61,1.3730817,1.61,1.3730817
Mauritius,1997,0.71,0.59952796,1.62,1.3679371,1.62,1.3679371
Mauritius,1998,0.84,0.70300007,1.79,1.4980596,1.79,1.4980596
Mauritius,1999,1.02,0.8461809,2.2,1.825096,2.2,1.825096
Mauritius,2000,1.16,0.95400226,2.43,1.9984703,2.43,1.9984703
Mauritius,2001,1.26,1.0283431,2.57,2.0974934,2.57,2.0974934
Mauritius,2002,1.29,1.0454029,2.61,2.1151175,2.61,2.1151175
Mauritius,2003,1.38,1.1108043,2.75,2.2135594,2.75,2.2135594
Mauritius,2004,1.4,1.1196525,2.77,2.2153125,2.77,2.2153125
Mauritius,2005,1.57,1.2479631,2.96,2.3528476,2.96,2.3528476
Mauritius,2006,1.85,1.4627085,3.3,2.6091557,3.3,2.6091557
Mauritius,2007,1.99,1.5662003,3.4,2.67592,3.4,2.67592
Mauritius,2008,2.02,1.5834556,3.47,2.7200944,3.47,2.7200944
Mauritius,2009,2.02,1.5782877,3.42,2.6721506,3.42,2.6721506
Mauritius,2010,2.21,1.7220596,3.66,2.8519177,3.66,2.8519177
Mauritius,2011,2.19,1.7026385,3.64,2.8299563,3.64,2.8299563
Mauritius,2012,2.26,1.7536331,3.73,2.8942707,3.73,2.8942707
Mauritius,2013,2.35,1.8207203,3.82,2.9596388,3.82,2.9596388
Mauritius,2014,2.43,1.8806419,3.95,3.0570107,3.95,3.0570107
Mauritius,2015,2.39,1.8481873,3.96,3.0622685,3.96,3.0622685
Mauritius,2016,2.41,1.862573,4.04,3.1223216,4.04,3.1223216
Mauritius,2017,2.54,1.9617792,4.17,3.2207165,4.17,3.2207165
Mauritius,2018,2.47,1.9067676,4.13,3.1882389,4.13,3.1882389
Mauritius,2019,2.42,1.8668748,4.17,3.2168877,4.17,3.2168877
Mauritius,2020,2.19,1.687432,3.72,2.866323,3.72,2.866323
Mexico,1990,94.26,1.1534448,258.84,3.1673844,269.58,3.298808
Mexico,1991,106.6,1.2789197,277.05,3.3238711,288.0,3.4552426
Mexico,1992,107.57,1.2656312,279.93,3.293559,291.68,3.4318056
Mexico,1993,114.18,1.3177387,288.28,3.3270073,300.67,3.469999
Mexico,1994,130.45,1.4771088,312.66,3.5403054,326.5,3.6970181
Mexico,1995,121.92,1.3551248,295.81,3.2878892,306.84,3.4104865
Mexico,1996,127.32,1.3901603,310.43,3.389471,322.7,3.5234427
Mexico,1997,141.49,1.5184085,329.57,3.5368009,342.48,3.675345
Mexico,1998,158.79,1.6755782,351.73,3.711513,365.14,3.8530173
Mexico,1999,152.75,1.5856159,341.28,3.5426447,355.18,3.6869333
Mexico,2000,168.4,1.7205893,364.61,3.7253208,379.18,3.8741865
Mexico,2001,172.56,1.7361158,364.77,3.669929,378.83,3.8113859
Mexico,2002,174.64,1.7305297,371.45,3.680745,386.0,3.8249223
Mexico,2003,186.33,1.8191077,390.04,3.8078933,404.69,3.9509187
Mexico,2004,184.6,1.7759253,398.75,3.8361335,414.1,3.9838064
Mexico,2005,191.58,1.8169161,415.52,3.9407296,432.19,4.0988255
Mexico,2006,190.58,1.783008,430.48,4.0274386,448.3,4.194157
Mexico,2007,193.74,1.7888705,438.15,4.045595,457.12,4.220752
Mexico,2008,186.4,1.6994197,440.91,4.0198026,459.55,4.189744
Mexico,2009,193.63,1.743638,430.51,3.8767424,448.37,4.0375714
Mexico,2010,195.38,1.7362111,445.82,3.9617035,462.87,4.1132154
Mexico,2011,204.58,1.7921957,460.63,4.0352874,478.4,4.190959
Mexico,2012,212.32,1.8342043,468.04,4.0433354,486.45,4.2023773
Mexico,2013,201.55,1.7183803,458.3,3.9073863,475.74,4.0560765
Mexico,2014,192.04,1.6170988,443.98,3.7385936,462.24,3.8923545
Mexico,2015,193.61,1.6114038,452.47,3.7658794,471.63,3.9253469
Mexico,2016,196.74,1.619003,455.79,3.7507646,476.39,3.9202852
Mexico,2017,194.71,1.5850796,453.62,3.6927934,474.5,3.8627717
Mexico,2018,186.81,1.5063639,424.04,3.419295,444.9,3.587502
Mexico,2019,187.54,1.4992968,432.33,3.456281,451.83,3.6121745
Mexico,2020,169.23,1.3431134,362.48,2.8768642,383.13,3.0407555
Micronesia (country),1990,0.0,0.0,0.0,0.0,0.0,0.0
Micronesia (country),1991,0.0,0.0,0.0,0.0,0.0,0.0
Micronesia (country),1992,0.05,0.48587087,0.14,1.3604385,0.14,1.3604385
Micronesia (country),1993,0.06,0.56580824,0.15,1.4145205,0.15,1.4145205
Micronesia (country),1994,0.06,0.5511768,0.16,1.4698046,0.16,1.4698046
Micronesia (country),1995,0.07,0.63436824,0.18,1.6312326,0.18,1.6312326
Micronesia (country),1996,0.07,0.6317804,0.19,1.7148324,0.19,1.7148324
Micronesia (country),1997,0.07,0.62976825,0.2,1.7993379,0.2,1.7993379
Micronesia (country),1998,0.08,0.7179782,0.21,1.8846927,0.21,1.8846927
Micronesia (country),1999,0.06,0.53786093,0.2,1.7928698,0.2,1.7928698
Micronesia (country),2000,0.06,0.5370329,0.19,1.7006042,0.19,1.7006042
Micronesia (country),2001,0.06,0.5358865,0.17,1.5183452,0.17,1.5183452
Micronesia (country),2002,0.06,0.53569037,0.16,1.4285077,0.16,1.4285077
Micronesia (country),2003,0.07,0.62600046,0.17,1.5202869,0.17,1.5202869
Micronesia (country),2004,0.06,0.5383725,0.15,1.3459313,0.15,1.3459313
Micronesia (country),2005,0.06,0.54075,0.12,1.0815,0.12,1.0815
Micronesia (country),2006,0.05,0.4532393,0.12,1.0877743,0.12,1.0877743
Micronesia (country),2007,0.05,0.4564251,0.14,1.2779902,0.14,1.2779902
Micronesia (country),2008,0.05,0.45990545,0.12,1.1037731,0.12,1.1037731
Micronesia (country),2009,0.05,0.46346936,0.15,1.390408,0.15,1.390408
Micronesia (country),2010,0.05,0.4646581,0.11,1.0222478,0.11,1.0222478
Micronesia (country),2011,0.05,0.46340492,0.12,1.1121718,0.12,1.1121718
Micronesia (country),2012,0.05,0.4619023,0.13,1.2009459,0.13,1.2009459
Micronesia (country),2013,0.05,0.46033734,0.14,1.2889445,0.14,1.2889445
Micronesia (country),2014,0.06,0.55026186,0.14,1.2839442,0.14,1.2839442
Micronesia (country),2015,0.06,0.5480603,0.14,1.2788074,0.14,1.2788074
Micronesia (country),2016,0.06,0.545782,0.15,1.364455,0.15,1.364455
Micronesia (country),2017,0.06,0.5432765,0.15,1.3581913,0.15,1.3581913
Micronesia (country),2018,0.06,0.5408085,0.15,1.3520212,0.15,1.3520212
Micronesia (country),2019,0.06,0.5386383,0.15,1.3465958,0.15,1.3465958
Micronesia (country),2020,0.04,0.3567638,0.11,0.98110044,0.11,0.98110044
Moldova,1990,13.66,3.048967,30.53,6.814419,30.53,6.814419
Moldova,1991,12.67,2.8212426,24.6,5.4777083,24.6,5.4777083
Moldova,1992,13.12,2.918863,19.85,4.4161153,20.32,4.520678
Moldova,1993,10.49,2.3343797,17.01,3.7853003,17.41,3.8743138
Moldova,1994,8.07,1.8003293,13.81,3.080861,14.14,3.1544805
Moldova,1995,6.2,1.3897488,11.89,2.6651795,12.14,2.7212176
Moldova,1996,5.99,1.3520837,10.21,2.304637,10.4,2.3475244
Moldova,1997,5.15,1.1721077,9.31,2.1188977,9.58,2.180348
Moldova,1998,4.96,1.139304,8.43,1.9363575,8.65,1.9868912
Moldova,1999,4.37,1.0153482,7.14,1.6589442,7.35,1.7077367
Moldova,2000,4.07,0.9572933,6.54,1.538255,6.71,1.5782402
Moldova,2001,4.32,1.0284489,6.84,1.6283776,7.02,1.6712296
Moldova,2002,4.02,0.96922493,6.96,1.6780611,7.18,1.7311033
Moldova,2003,4.2,1.0258956,7.52,1.8368416,7.77,1.8979068
Moldova,2004,3.7,0.91425794,7.49,1.8507546,7.78,1.9224126
Moldova,2005,3.78,0.9446741,7.81,1.9518266,8.18,2.0442948
Moldova,2006,3.81,0.9663311,7.52,1.9072992,7.98,2.0239692
Moldova,2007,3.71,0.95696324,7.44,1.9190853,8.14,2.0996444
Moldova,2008,3.73,0.97838116,7.36,1.9305323,8.15,2.1377497
Moldova,2009,3.8,1.0134696,7.3,1.9469284,7.64,2.0376072
Moldova,2010,3.73,1.0140868,7.95,2.1613915,8.3,2.2565472
Moldova,2011,3.53,0.98188245,7.92,2.2029772,8.34,2.3198016
Moldova,2012,3.57,1.0179069,7.7,2.1954854,8.14,2.320942
Moldova,2013,2.81,0.82247144,6.7,1.9610529,7.18,2.1015463
Moldova,2014,3.28,0.9825248,7.25,2.1717393,7.71,2.3095324
Moldova,2015,3.63,1.1075886,7.58,2.312816,8.02,2.4470694
Moldova,2016,3.57,1.1069338,7.71,2.390605,8.14,2.5239334
Moldova,2017,3.01,0.9463876,7.53,2.367541,8.06,2.5341809
Moldova,2018,3.26,1.0376089,7.96,2.533548,8.56,2.724519
Moldova,2019,3.35,1.077345,8.28,2.6628108,8.92,2.868632
Moldova,2020,3.6,1.1669943,8.03,2.6030455,8.61,2.7910614
Mongolia,1990,6.62,3.062773,12.84,5.940484,12.97,6.0006294
Mongolia,1991,8.24,3.7453234,14.67,6.6679482,14.76,6.708856
Mongolia,1992,8.01,3.581484,12.81,5.7276917,12.86,5.750048
Mongolia,1993,7.22,3.1801782,11.83,5.2107353,11.85,5.2195444
Mongolia,1994,6.64,2.8850574,10.29,4.47097,10.32,4.484005
Mongolia,1995,6.59,2.8279147,10.24,4.3942103,10.28,4.4113755
Mongolia,1996,5.86,2.4861712,8.65,3.6698601,8.69,3.6868308
Mongolia,1997,5.5,2.3092003,8.48,3.5603669,8.52,3.577161
Mongolia,1998,6.25,2.598584,8.51,3.538232,8.55,3.554863
Mongolia,1999,6.13,2.5241919,8.57,3.5289273,8.61,3.5453985
Mongolia,2000,6.58,2.6846316,8.96,3.6556687,9.0,3.6719885
Mongolia,2001,6.41,2.5924003,8.95,3.619654,8.97,3.6277425
Mongolia,2002,6.97,2.7940104,9.55,3.8282354,9.6,3.8482785
Mongolia,2003,6.49,2.5790186,9.25,3.675797,9.31,3.69964
Mongolia,2004,6.64,2.6162796,9.51,3.7471113,9.56,3.7668123
Mongolia,2005,7.66,2.993055,10.98,4.290306,11.06,4.321565
Mongolia,2006,7.55,2.924945,12.33,4.776765,12.42,4.8116317
Mongolia,2007,8.02,3.0779305,12.91,4.9546237,13.02,4.9968395
Mongolia,2008,7.94,3.0145457,12.85,4.8787045,12.97,4.9242644
Mongolia,2009,8.31,3.1161902,13.54,5.077402,13.64,5.1149015
Mongolia,2010,8.91,3.2969143,14.14,5.23214,14.31,5.2950444
Mongolia,2011,9.32,3.3965683,15.57,5.6743097,15.73,5.7326202
Mongolia,2012,10.09,3.6134386,16.98,6.0808907,17.14,6.1381903
Mongolia,2013,11.13,3.9119065,18.29,6.428461,18.38,6.4600935
Mongolia,2014,11.67,4.0202203,17.94,6.1801844,18.12,6.2421927
Mongolia,2015,11.71,3.949735,17.12,5.7745056,17.3,5.835219
Mongolia,2016,11.72,3.8685498,17.98,5.9348574,18.17,5.9975724
Mongolia,2017,12.77,4.124633,19.28,6.227324,19.58,6.324222
Mongolia,2018,13.56,4.2857223,21.13,6.678268,21.55,6.811012
Mongolia,2019,13.63,4.216635,22.66,7.0101953,23.15,7.1617837
Mongolia,2020,12.97,3.9370556,20.66,6.2713623,21.18,6.4292088
Montenegro,1990,,,1.92,3.0895486,1.92,3.0895486
Montenegro,1991,,,1.36,2.1761358,1.36,2.1761358
Montenegro,1992,,,1.48,2.3579307,1.48,2.3579307
Montenegro,1993,,,1.29,2.04905,1.29,2.04905
Montenegro,1994,,,1.26,1.9969158,1.26,1.9969158
Montenegro,1995,,,1.33,2.1042106,1.33,2.1042106
Montenegro,1996,,,1.55,2.448603,1.55,2.448603
Montenegro,1997,,,1.67,2.6356907,1.67,2.6356907
Montenegro,1998,,,1.76,2.7764106,1.76,2.7764106
Montenegro,1999,,,1.21,1.9093364,1.21,1.9093364
Montenegro,2000,,,1.52,2.4000127,1.52,2.4000127
Montenegro,2001,,,1.67,2.6379724,1.67,2.6379724
Montenegro,2002,,,1.77,2.7973354,1.77,2.7973354
Montenegro,2003,,,1.89,2.9888227,1.89,2.9888227
Montenegro,2004,,,2.04,3.2250414,2.04,3.2250414
Montenegro,2005,1.13,1.7854744,2.0,3.1601317,2.0,3.1601317
Montenegro,2006,1.27,2.0077434,2.18,3.4463625,2.18,3.4463625
Montenegro,2007,1.0,1.5824512,2.1,3.3231475,2.1,3.3231475
Montenegro,2008,1.53,2.4228988,2.69,4.2598677,2.69,4.2598677
Montenegro,2009,0.82,1.2991395,1.75,2.772554,1.75,2.772554
Montenegro,2010,1.74,2.757318,2.58,4.088437,2.58,4.088437
Montenegro,2011,1.77,2.801515,2.54,4.020253,2.54,4.020253
Montenegro,2012,1.58,2.4958415,2.33,3.6805766,2.33,3.6805766
Montenegro,2013,1.53,2.4134357,2.27,3.5807183,2.27,3.5807183
Montenegro,2014,1.49,2.3490424,2.22,3.4999156,2.22,3.4999156
Montenegro,2015,1.55,2.4449146,2.36,3.7225795,2.36,3.7225795
Montenegro,2016,1.25,1.9739003,2.15,3.3951085,2.15,3.3951085
Montenegro,2017,1.29,2.0397031,2.27,3.5892448,2.27,3.5892448
Montenegro,2018,1.48,2.3437784,2.5,3.9590852,2.5,3.9590852
Montenegro,2019,1.53,2.427019,2.6,4.124346,2.6,4.124346
Montenegro,2020,1.59,2.5275888,2.53,4.021887,2.53,4.021887
Morocco,1990,7.92,0.3223336,19.66,0.8001362,21.5,0.8750218
Morocco,1991,7.85,0.31414968,20.61,0.824793,23.12,0.9252409
Morocco,1992,8.42,0.33148724,22.13,0.8712367,24.88,0.9795015
Morocco,1993,9.26,0.3588204,22.85,0.88542616,25.58,0.9912123
Morocco,1994,10.21,0.38967153,25.0,0.95414186,27.71,1.0575708
Morocco,1995,11.69,0.4394893,26.07,0.98011005,28.79,1.0823693
Morocco,1996,9.96,0.36890125,25.71,0.9522542,28.48,1.0548502
Morocco,1997,10.63,0.387997,26.87,0.9807601,29.9,1.0913557
Morocco,1998,10.62,0.38212672,27.55,0.9912986,30.63,1.1021225
Morocco,1999,11.0,0.39038944,29.09,1.0324026,32.2,1.1427764
Morocco,2000,11.24,0.39363432,29.55,1.0348661,32.88,1.1514856
Morocco,2001,13.23,0.45730916,32.19,1.1126819,36.27,1.2537116
Morocco,2002,14.06,0.47983366,33.34,1.1378133,37.47,1.2787602
Morocco,2003,14.52,0.48952723,33.07,1.1149218,37.25,1.2558464
Morocco,2004,15.91,0.52974844,36.61,1.2189875,41.01,1.3654923
Morocco,2005,16.82,0.5527095,39.22,1.2887793,43.58,1.43205
Morocco,2006,16.95,0.54973525,40.52,1.3141754,44.99,1.4591497
Morocco,2007,16.69,0.534377,41.34,1.3236156,46.34,1.4837046
Morocco,2008,16.89,0.5339024,43.18,1.3649441,48.63,1.5372217
Morocco,2009,15.84,0.4943376,43.17,1.3472571,48.77,1.522023
Morocco,2010,17.72,0.54582083,46.39,1.4289293,51.75,1.5940309
Morocco,2011,19.93,0.6057068,50.73,1.5417715,55.92,1.6995045
Morocco,2012,20.52,0.6152524,52.24,1.566315,58.08,1.7414161
Morocco,2013,19.09,0.564734,51.52,1.5241013,57.6,1.7039641
Morocco,2014,21.59,0.6303906,53.52,1.5626912,58.69,1.7136463
Morocco,2015,22.23,0.640995,55.11,1.5890795,60.36,1.7404616
Morocco,2016,21.62,0.61582685,55.08,1.5689057,60.29,1.717308
Morocco,2017,22.53,0.6341456,57.96,1.631384,63.01,1.773525
Morocco,2018,23.32,0.6490847,59.4,1.6533289,64.29,1.7894362
Morocco,2019,28.85,0.79466933,65.99,1.8176855,70.99,1.9554099
Morocco,2020,28.39,0.77380633,62.23,1.6961595,66.72,1.8185402
Mozambique,1990,0.11,0.008268525,1.08,0.081181884,1.12,0.08418862
Mozambique,1991,0.13,0.009586186,0.9,0.066365905,0.94,0.0693155
Mozambique,1992,0.09,0.006513769,1.09,0.078888975,1.1,0.07961273
Mozambique,1993,0.06,0.0042234925,1.28,0.09010117,1.29,0.09080508
Mozambique,1994,0.03,0.002011684,1.07,0.07175006,1.1,0.07376175
Mozambique,1995,0.03,0.0019237145,1.15,0.07374239,1.17,0.075024866
Mozambique,1996,0.03,0.0018657227,1.09,0.06778792,1.16,0.072141275
Mozambique,1997,0.03,0.0018157911,1.2,0.07263164,1.29,0.07807902
Mozambique,1998,0.02,0.0011818095,1.16,0.06854495,1.24,0.07327218
Mozambique,1999,0.02,0.0011535425,1.15,0.0663287,1.23,0.070942864
Mozambique,2000,0.05,0.002813967,1.32,0.074288726,1.43,0.08047946
Mozambique,2001,0.05,0.002744128,1.3,0.071347326,1.41,0.07738441
Mozambique,2002,0.04,0.0021396154,1.37,0.07328183,1.57,0.083979905
Mozambique,2003,0.03,0.0015635784,1.66,0.086518005,1.9,0.09902663
Mozambique,2004,0.04,0.002031033,1.69,0.085811146,1.91,0.09698182
Mozambique,2005,0.02,0.0009895541,1.51,0.07471133,1.71,0.08460687
Mozambique,2006,0.02,0.00096450665,1.62,0.07812504,1.86,0.08969912
Mozambique,2007,0.01,0.00046991333,1.97,0.09257293,2.23,0.10479067
Mozambique,2008,0.02,0.00091551733,1.95,0.08926294,2.24,0.102537945
Mozambique,2009,0.02,0.0008913983,2.2,0.09805381,2.49,0.11097909
Mozambique,2010,0.02,0.0008667865,2.34,0.101414025,2.68,0.116149396
Mozambique,2011,0.18,0.0075756223,2.92,0.12289343,3.29,0.13846554
Mozambique,2012,0.19,0.007759025,3.19,0.13026994,3.64,0.14864658
Mozambique,2013,0.25,0.009900308,3.64,0.1441485,4.15,0.16434513
Mozambique,2014,0.28,0.010753224,4.24,0.16283453,4.82,0.18510906
Mozambique,2015,0.78,0.029057583,4.86,0.18105109,5.48,0.20414814
Mozambique,2016,1.79,0.06462911,6.3,0.22746557,7.24,0.26140487
Mozambique,2017,1.93,0.06755468,6.25,0.21876517,7.16,0.25061738
Mozambique,2018,1.73,0.058795776,5.95,0.20221668,6.88,0.23382367
Mozambique,2019,1.85,0.06108513,6.48,0.21396306,7.53,0.248633
Mozambique,2020,1.76,0.056449622,5.86,0.18795158,6.95,0.22291186
Myanmar,1990,1.59,0.039651312,3.91,0.09750731,4.08,0.10174676
Myanmar,1991,1.61,0.03957666,3.84,0.09439403,4.02,0.09881875
Myanmar,1992,1.71,0.041466802,4.09,0.09918083,4.28,0.10378825
Myanmar,1993,1.9,0.04546727,4.65,0.11127515,4.81,0.115103975
Myanmar,1994,2.2,0.051963866,5.46,0.12896487,5.65,0.13345265
Myanmar,1995,2.49,0.058068775,6.73,0.15694894,6.94,0.16184631
Myanmar,1996,2.69,0.0619482,7.11,0.16373669,7.31,0.1683425
Myanmar,1997,2.86,0.0650413,7.04,0.16010167,7.25,0.16487743
Myanmar,1998,2.91,0.06536948,7.77,0.17454325,7.91,0.17768817
Myanmar,1999,3.17,0.07037932,8.6,0.19093442,8.74,0.19404265
Myanmar,2000,2.77,0.060827866,9.28,0.20378433,9.44,0.20729785
Myanmar,2001,2.39,0.051939778,8.2,0.17820342,8.35,0.18146326
Myanmar,2002,2.73,0.05873464,8.15,0.17534333,8.34,0.1794311
Myanmar,2003,3.18,0.06776873,10.26,0.21865006,10.49,0.22355157
Myanmar,2004,3.1,0.06548589,10.06,0.21251227,10.27,0.2169484
Myanmar,2005,3.11,0.06516573,10.64,0.22294642,10.86,0.22755621
Myanmar,2006,3.11,0.06467273,9.84,0.20462368,10.06,0.2091986
Myanmar,2007,3.12,0.064402066,10.27,0.21199013,10.51,0.21694413
Myanmar,2008,2.88,0.0591018,7.69,0.15781002,7.94,0.16294038
Myanmar,2009,2.16,0.04406739,7.12,0.14525917,7.37,0.15035957
Myanmar,2010,2.74,0.055475708,7.93,0.1605556,8.13,0.16460493
Myanmar,2011,2.97,0.05964511,8.49,0.17050067,8.69,0.17451717
Myanmar,2012,3.19,0.06352279,11.62,0.23139024,11.96,0.23816068
Myanmar,2013,3.32,0.06555003,13.16,0.25983083,13.59,0.26832077
Myanmar,2014,4.75,0.09300516,16.53,0.32365796,17.03,0.33344796
Myanmar,2015,5.69,0.11051987,18.66,0.362443,19.03,0.3696297
Myanmar,2016,7.35,0.14163937,20.9,0.40275684,21.86,0.4212567
Myanmar,2017,9.23,0.17652118,30.41,0.5815828,32.5,0.6215534
Myanmar,2018,8.66,0.1644324,30.3,0.5753236,32.78,0.62241274
Myanmar,2019,8.54,0.16100991,31.06,0.58559346,34.0,0.6410231
Myanmar,2020,9.28,0.1737073,30.69,0.5744695,33.87,0.6339942
Namibia,1990,,,,,,
Namibia,1991,0.07,0.04944816,1.12,0.79117054,1.12,0.79117054
Namibia,1992,0.03,0.020524131,1.22,0.834648,1.22,0.834648
Namibia,1993,0.21,0.13908684,1.41,0.9338688,1.41,0.9338688
Namibia,1994,0.23,0.14758168,1.64,1.0523216,1.64,1.0523216
Namibia,1995,0.04,0.024916189,1.77,1.1025413,1.77,1.1025413
Namibia,1996,0.04,0.024241293,1.92,1.1635821,1.92,1.1635821
Namibia,1997,0.04,0.023623237,1.97,1.1634444,1.97,1.1634444
Namibia,1998,0.05,0.028802523,2.02,1.1636219,2.02,1.1636219
Namibia,1999,0.04,0.022493646,1.98,1.1134355,1.98,1.1134355
Namibia,2000,0.01,0.005497079,1.94,1.0664333,1.94,1.0664333
Namibia,2001,0.01,0.0053867525,2.46,1.3251412,2.46,1.3251412
Namibia,2002,0.0,0.0,2.13,1.1278608,2.13,1.1278608
Namibia,2003,0.02,0.010441509,2.27,1.1851113,2.27,1.1851113
Namibia,2004,0.01,0.0051562204,2.38,1.2271805,2.38,1.2271805
Namibia,2005,0.04,0.020378282,2.53,1.2889264,2.53,1.2889264
Namibia,2006,0.15,0.075507104,2.49,1.253418,2.49,1.253418
Namibia,2007,0.17,0.08451438,2.55,1.2677157,2.55,1.2677157
Namibia,2008,0.24,0.117730394,2.93,1.4372919,2.93,1.4372919
Namibia,2009,0.11,0.053193342,3.0,1.4507275,3.0,1.4507275
Namibia,2010,0.03,0.014290648,3.1,1.4767003,3.1,1.4767003
Namibia,2011,0.02,0.009379354,3.16,1.4819379,3.3,1.5475935
Namibia,2012,0.09,0.04152299,3.28,1.5132823,3.51,1.6193966
Namibia,2013,0.08,0.03628913,3.49,1.5831132,3.76,1.705589
Namibia,2014,0.01,0.004458299,3.63,1.6183624,3.93,1.7521114
Namibia,2015,0.04,0.01752304,3.81,1.6690695,4.14,1.8136345
Namibia,2016,0.08,0.034433022,3.89,1.6743058,4.15,1.7862132
Namibia,2017,0.09,0.03806237,3.82,1.6155362,4.22,1.7847023
Namibia,2018,0.03,0.012470476,3.8,1.5795937,4.28,1.7791213
Namibia,2019,0.07,0.028610572,3.8,1.5531454,4.32,1.765681
Namibia,2020,0.09,0.03615766,3.48,1.3980962,3.95,1.5869195
Nauru,1990,0.03,3.118503,0.13,13.513513,0.13,13.513513
Nauru,1991,0.03,3.02267,0.13,13.098236,0.13,13.098236
Nauru,1992,0.03,2.9550827,0.12,11.820331,0.12,11.820331
Nauru,1993,0.03,2.9271147,0.11,10.732755,0.11,10.732755
Nauru,1994,0.03,2.914319,0.11,10.685837,0.11,10.685837
Nauru,1995,0.03,2.9024768,0.11,10.642415,0.11,10.642415
Nauru,1996,0.03,2.8929605,0.1,9.643202,0.1,9.643202
Nauru,1997,0.03,2.8885038,0.1,9.6283455,0.1,9.6283455
Nauru,1998,0.03,2.8846154,0.1,9.615385,0.1,9.615385
Nauru,1999,0.03,2.8832293,0.09,8.649688,0.09,8.649688
Nauru,2000,0.03,2.8846154,0.09,8.653846,0.09,8.653846
Nauru,2001,0.03,2.8887818,0.08,7.7034183,0.08,7.7034183
Nauru,2002,0.03,2.8915663,0.08,7.7108436,0.08,7.7108436
Nauru,2003,0.03,2.894356,0.07,6.753497,0.07,6.753497
Nauru,2004,0.03,2.8968713,0.06,5.7937427,0.06,5.7937427
Nauru,2005,0.03,2.902196,0.06,5.804392,0.06,5.804392
Nauru,2006,0.02,1.9383601,0.04,3.8767202,0.04,3.8767202
Nauru,2007,0.02,1.9438235,0.04,3.887647,0.04,3.887647
Nauru,2008,0.02,1.9479887,0.04,3.8959775,0.04,3.8959775
Nauru,2009,0.02,1.9502681,0.04,3.9005363,0.04,3.9005363
Nauru,2010,0.02,1.9489378,0.04,3.8978755,0.04,3.8978755
Nauru,2011,0.02,1.9411821,0.04,3.8823643,0.04,3.8823643
Nauru,2012,0.02,1.911315,0.04,3.82263,0.04,3.82263
Nauru,2013,0.02,1.8658457,0.05,4.664614,0.05,4.664614
Nauru,2014,0.02,1.8239855,0.05,4.5599637,0.05,4.5599637
Nauru,2015,0.02,1.784599,0.05,4.4614973,0.05,4.4614973
Nauru,2016,0.02,1.744744,0.05,4.36186,0.05,4.36186
Nauru,2017,0.03,2.5623505,0.06,5.124701,0.06,5.124701
Nauru,2018,0.03,2.5106704,0.05,4.1844506,0.05,4.1844506
Nauru,2019,0.02,1.6452781,0.05,4.113195,0.05,4.113195
Nauru,2020,0.02,1.6208769,0.04,3.2417538,0.04,3.2417538
Nepal,1990,0.0,0.0,0.9,0.045879677,0.94,0.047918774
Nepal,1991,0.03,0.0014902557,1.13,0.056132965,1.18,0.058616724
Nepal,1992,0.04,0.0019321676,1.14,0.055066776,1.23,0.059414152
Nepal,1993,0.06,0.0028212252,1.3,0.061126545,1.41,0.06629879
Nepal,1994,0.07,0.0032117818,1.62,0.07432981,1.74,0.07983572
Nepal,1995,0.03,0.0013449554,1.76,0.078904055,1.9,0.08518051
Nepal,1996,0.03,0.0013167151,1.83,0.08031962,1.96,0.08602539
Nepal,1997,0.09,0.003871064,2.1,0.09032483,2.19,0.09419589
Nepal,1998,0.09,0.0037969348,2.2,0.09281396,2.32,0.09787654
Nepal,1999,0.05,0.0020709797,3.01,0.12467298,3.12,0.12922914
Nepal,2000,0.02,0.0008143487,3.1,0.12622404,3.22,0.13111015
Nepal,2001,0.01,0.00040070413,3.35,0.13423587,3.46,0.13864362
Nepal,2002,0.0,0.0,2.67,0.10539954,2.79,0.1101366
Nepal,2003,0.0,0.0,2.9,0.112915546,3.02,0.11758791
Nepal,2004,0.01,0.00038455665,2.7,0.1038303,2.81,0.10806042
Nepal,2005,0.01,0.0003804435,3.07,0.11679615,3.19,0.12136148
Nepal,2006,0.01,0.0003770885,2.5,0.09427212,2.62,0.09879719
Nepal,2007,0.01,0.00037434042,2.58,0.096579835,2.69,0.10069758
Nepal,2008,0.01,0.00037200248,2.88,0.10713671,2.99,0.11122874
Nepal,2009,0.01,0.000370001,3.42,0.12654035,3.88,0.1435604
Nepal,2010,0.0,0.0,4.12,0.1516849,4.64,0.17082958
Nepal,2011,0.0,0.0,4.41,0.16173753,5.2,0.19071093
Nepal,2012,0.01,0.00036588896,4.97,0.18184681,6.0,0.21953338
Nepal,2013,0.01,0.0003652093,4.94,0.1804134,6.09,0.22241247
Nepal,2014,0.0,0.0,5.95,0.21666215,7.13,0.25963044
Nepal,2015,0.0,0.0,5.69,0.2060823,7.19,0.2604098
Nepal,2016,0.0,0.0,8.5,0.30508393,10.74,0.38548252
Nepal,2017,0.0,0.0,10.19,0.36156005,13.27,0.47084415
Nepal,2018,0.0,0.0,11.74,0.41183275,15.14,0.5311029
Nepal,2019,0.0,0.0,10.1,0.35029915,13.86,0.48070753
Nepal,2020,0.0,0.0,12.09,0.41194433,14.95,0.5093935
Netherlands,1990,55.82,3.7351408,151.11,10.111379,151.52,10.138813
Netherlands,1991,57.28,3.8068457,156.77,10.418981,157.27,10.45221
Netherlands,1992,57.88,3.8202887,155.56,10.267521,156.01,10.297222
Netherlands,1993,59.07,3.8731663,159.68,10.470073,160.14,10.500235
Netherlands,1994,62.67,4.0828743,159.14,10.367777,159.6,10.397746
Netherlands,1995,65.73,4.255286,163.68,10.596458,164.11,10.624296
Netherlands,1996,66.8,4.2989674,173.31,11.153502,173.62,11.173452
Netherlands,1997,68.18,4.362149,165.93,10.616182,166.31,10.640495
Netherlands,1998,70.59,4.489715,166.3,10.57713,166.73,10.60448
Netherlands,1999,65.44,4.1385007,160.93,10.177397,161.45,10.210282
Netherlands,2000,66.96,4.2115493,161.63,10.16596,162.1,10.195521
Netherlands,2001,70.05,4.3831573,166.64,10.426971,167.12,10.4570055
Netherlands,2002,70.97,4.4198675,166.94,10.396685,167.43,10.4272
Netherlands,2003,72.2,4.4768047,169.93,10.5366125,170.36,10.563275
Netherlands,2004,73.78,4.5554357,171.67,10.599507,172.12,10.627292
Netherlands,2005,71.23,4.3801947,167.51,10.300806,167.93,10.326633
Netherlands,2006,66.15,4.051899,163.3,10.002646,163.7,10.027148
Netherlands,2007,70.61,4.3077908,164.15,10.014501,164.55,10.038904
Netherlands,2008,69.63,4.230056,164.82,10.012895,165.22,10.037194
Netherlands,2009,68.11,4.118842,160.07,9.679975,160.49,9.705374
Netherlands,2010,71.06,4.2763124,170.76,10.276148,171.11,10.297211
Netherlands,2011,67.73,4.0553317,158.42,9.485393,158.77,9.506349
Netherlands,2012,64.88,3.8652875,157.17,9.363552,157.47,9.381425
Netherlands,2013,64.86,3.8452983,156.82,9.297251,157.09,9.313258
Netherlands,2014,68.13,4.0185018,149.51,8.818526,149.79,8.835041
Netherlands,2015,75.09,4.406403,157.13,9.220643,157.38,9.235314
Netherlands,2016,73.65,4.3008523,158.26,9.241723,158.5,9.255738
Netherlands,2017,70.1,4.073875,155.41,9.031682,155.71,9.049117
Netherlands,2018,66.35,3.838357,151.16,8.744628,151.38,8.757355
Netherlands,2019,63.7,3.668666,145.93,8.404528,145.94,8.405104
Netherlands,2020,53.9,3.0915604,130.32,7.474808,130.32,7.474808
New Zealand,1990,4.52,1.3304338,21.86,6.434355,22.31,6.5668097
New Zealand,1991,4.93,1.4160132,22.19,6.3734956,22.63,6.499874
New Zealand,1992,6.1,1.7267891,23.9,6.7656164,24.38,6.901495
New Zealand,1993,5.34,1.4942334,23.47,6.5673513,23.96,6.7044625
New Zealand,1994,4.65,1.2842135,23.73,6.553632,24.23,6.6917195
New Zealand,1995,4.34,1.1813062,23.79,6.4754095,24.33,6.622392
New Zealand,1996,5.27,1.4134521,24.9,6.6783605,25.41,6.815146
New Zealand,1997,7.42,1.9651189,27.16,7.1930766,27.69,7.333442
New Zealand,1998,6.96,1.8267491,26.69,7.0051627,27.18,7.1337705
New Zealand,1999,8.11,2.1155622,28.08,7.3249063,28.61,7.4631615
New Zealand,2000,7.9,2.0491452,28.92,7.501428,29.46,7.641496
New Zealand,2001,9.58,2.4629865,31.08,7.990566,31.62,8.129397
New Zealand,2002,8.65,2.1906598,30.99,7.8483872,31.54,7.9876776
New Zealand,2003,10.17,2.529886,32.86,8.174243,33.4,8.308574
New Zealand,2004,9.83,2.4084785,32.35,7.9261723,32.84,8.046229
New Zealand,2005,11.77,2.8479605,33.66,8.144635,34.23,8.282557
New Zealand,2006,11.73,2.8062296,33.72,8.067013,34.27,8.198592
New Zealand,2007,10.17,2.409099,32.58,7.7176456,33.27,7.8810945
New Zealand,2008,11.07,2.5984483,33.53,7.870457,34.17,8.020684
New Zealand,2009,8.95,2.0800004,30.58,7.106861,31.17,7.2439785
New Zealand,2010,8.53,1.9625685,30.49,7.0150895,31.05,7.143934
New Zealand,2011,7.98,1.821388,29.76,6.792545,30.29,6.913514
New Zealand,2012,9.37,2.1245792,31.54,7.1514654,32.11,7.280709
New Zealand,2013,8.27,1.8581594,31.3,7.032695,31.89,7.16526
New Zealand,2014,7.38,1.6348419,31.35,6.944755,31.97,7.0820994
New Zealand,2015,7.29,1.5880308,31.66,6.8967156,32.28,7.031774
New Zealand,2016,6.13,1.3131715,30.7,6.5765686,31.19,6.681536
New Zealand,2017,6.96,1.4664199,32.48,6.843293,32.93,6.9381046
New Zealand,2018,6.39,1.3206496,31.99,6.611515,32.41,6.698318
New Zealand,2019,7.13,1.4377803,33.6,6.7755146,34.01,6.858192
New Zealand,2020,7.03,1.3890178,30.98,6.121163,31.36,6.1962447
Nicaragua,1990,0.56,0.13245584,1.84,0.43521208,1.93,0.4564996
Nicaragua,1991,0.61,0.14096573,1.82,0.42058626,1.92,0.4436954
Nicaragua,1992,0.77,0.17392573,2.12,0.47886047,2.24,0.50596577
Nicaragua,1993,0.73,0.16126573,2.09,0.46170598,2.2,0.48600632
Nicaragua,1994,0.84,0.18161142,2.39,0.5167277,2.53,0.5469963
Nicaragua,1995,0.95,0.20118883,2.51,0.5315621,2.65,0.561211
Nicaragua,1996,1.02,0.21195285,2.66,0.5527398,2.82,0.58598727
Nicaragua,1997,1.09,0.22263235,2.86,0.5841546,3.02,0.6168346
Nicaragua,1998,1.49,0.29952452,3.36,0.67543787,3.52,0.70760155
Nicaragua,1999,1.37,0.2712933,3.39,0.67130244,3.54,0.70100605
Nicaragua,2000,1.48,0.28888065,3.54,0.6909713,3.77,0.7358649
Nicaragua,2001,1.61,0.31004676,3.71,0.7144556,3.93,0.7568222
Nicaragua,2002,1.57,0.29853487,3.83,0.728273,4.06,0.7720074
Nicaragua,2003,1.61,0.3024574,4.19,0.78714067,4.56,0.85664946
Nicaragua,2004,1.69,0.31376365,4.32,0.8020467,4.53,0.84103507
Nicaragua,2005,1.58,0.28965953,4.12,0.7553147,4.34,0.795647
Nicaragua,2006,1.72,0.31104138,4.33,0.78302854,4.55,0.8228129
Nicaragua,2007,1.81,0.3227843,4.48,0.7989357,4.7,0.83816916
Nicaragua,2008,1.69,0.2971297,4.29,0.7542523,4.5,0.79117376
Nicaragua,2009,1.81,0.31365624,4.19,0.72608817,4.39,0.7607463
Nicaragua,2010,1.8,0.3073909,4.28,0.73090726,4.51,0.770185
Nicaragua,2011,1.91,0.32141063,4.49,0.7555674,4.77,0.8026852
Nicaragua,2012,1.72,0.28521186,4.45,0.73790276,4.69,0.77769977
Nicaragua,2013,1.49,0.24348883,4.22,0.6896127,4.47,0.73046654
Nicaragua,2014,1.54,0.24803984,4.49,0.72318107,4.76,0.7666686
Nicaragua,2015,1.69,0.26831317,5.0,0.7938259,5.29,0.83986783
Nicaragua,2016,1.67,0.26137707,5.11,0.7997825,5.41,0.8467365
Nicaragua,2017,1.49,0.22991933,5.13,0.7916014,5.43,0.8378939
Nicaragua,2018,1.45,0.22062513,4.76,0.7242591,5.02,0.7638194
Nicaragua,2019,1.51,0.22659339,4.91,0.73680365,5.13,0.7698173
Nicaragua,2020,0.95,0.14061783,4.38,0.6483222,4.58,0.67792594
Niger,1990,0.28,0.03345021,0.56,0.06690042,0.57,0.06809507
Niger,1991,0.28,0.032427523,0.53,0.061380673,0.54,0.062538795
Niger,1992,0.26,0.029188419,0.49,0.055008948,0.5,0.05613158
Niger,1993,0.28,0.030457688,0.56,0.060915377,0.57,0.06200315
Niger,1994,0.27,0.028441045,0.54,0.05688209,0.55,0.05793546
Niger,1995,0.28,0.028530903,0.52,0.05298596,0.52,0.05298596
Niger,1996,0.27,0.026601145,0.6,0.059113655,0.61,0.060098883
Niger,1997,0.29,0.027634304,0.6,0.05717442,0.61,0.05812733
Niger,1998,0.31,0.028558481,0.66,0.060801927,0.67,0.06172317
Niger,1999,0.26,0.02314924,0.64,0.056982752,0.65,0.057873107
Niger,2000,0.23,0.019788908,0.65,0.05592517,0.66,0.05678556
Niger,2001,0.21,0.017454283,0.65,0.054025162,0.66,0.05485632
Niger,2002,0.23,0.018464226,0.68,0.054589886,0.69,0.05539268
Niger,2003,0.24,0.018603507,0.74,0.057360817,0.75,0.05813596
Niger,2004,0.26,0.019451046,0.77,0.05760503,0.78,0.058353145
Niger,2005,0.25,0.018043734,0.74,0.053409453,0.74,0.053409453
Niger,2006,0.22,0.015314819,0.73,0.050817356,0.74,0.051513482
Niger,2007,0.2,0.013424732,0.8,0.053698927,0.81,0.05437016
Niger,2008,0.22,0.014234709,0.84,0.054350708,0.85,0.05499774
Niger,2009,0.24,0.014964537,1.07,0.066716895,1.08,0.06734042
Niger,2010,0.33,0.019822743,1.36,0.081693724,1.36,0.081693724
Niger,2011,0.38,0.021986773,1.38,0.0798467,1.4,0.081003904
Niger,2012,0.43,0.023949549,1.87,0.10415269,1.89,0.105266616
Niger,2013,0.38,0.020371836,1.96,0.105075784,1.98,0.10614798
Niger,2014,0.47,0.024261806,2.14,0.11046865,2.16,0.11150107
Niger,2015,0.52,0.025834488,2.09,0.10383476,2.11,0.10482841
Niger,2016,0.7,0.033458006,2.08,0.099418074,2.1,0.10037402
Niger,2017,0.58,0.02668148,1.88,0.0864848,1.9,0.08740485
Niger,2018,0.57,0.025246866,1.93,0.085485004,1.96,0.086813785
Niger,2019,0.59,0.025166998,2.13,0.090857126,2.16,0.09213681
Niger,2020,0.64,0.026301034,2.17,0.089176945,2.2,0.09040981
Nigeria,1990,8.25,0.08664669,71.33,0.74915254,72.77,0.7642763
Nigeria,1991,9.68,0.09909366,80.49,0.823972,81.93,0.83871317
Nigeria,1992,11.44,0.11419211,90.37,0.9020578,91.81,0.91643167
Nigeria,1993,11.67,0.113548495,84.93,0.82636446,86.24,0.83911073
Nigeria,1994,10.51,0.099662304,77.25,0.73253214,78.33,0.7427734
Nigeria,1995,10.86,0.10038117,85.1,0.7865965,86.16,0.7963943
Nigeria,1996,11.6,0.10454577,99.19,0.8939565,100.23,0.90332955
Nigeria,1997,12.09,0.106247246,97.62,0.8578872,98.65,0.8669389
Nigeria,1998,11.39,0.09760861,87.6,0.75070363,88.7,0.7601302
Nigeria,1999,12.52,0.10459869,86.01,0.718573,87.02,0.727011
Nigeria,2000,13.72,0.11167911,96.2,0.78305614,97.22,0.7913588
Nigeria,2001,14.06,0.11145225,100.98,0.8004586,101.95,0.8081477
Nigeria,2002,14.98,0.115601555,91.4,0.70533925,92.24,0.7118216
Nigeria,2003,13.19,0.09908368,100.08,0.751804,100.99,0.75863993
Nigeria,2004,15.49,0.11326672,97.81,0.715211,98.72,0.7218651
Nigeria,2005,16.91,0.120363824,97.65,0.6950637,98.72,0.7026799
Nigeria,2006,16.74,0.115984395,87.47,0.60604274,88.77,0.6150499
Nigeria,2007,17.05,0.11497428,79.3,0.53474844,81.12,0.5470213
Nigeria,2008,17.26,0.11326759,83.09,0.5452725,86.93,0.5704723
Nigeria,2009,15.34,0.09795924,73.1,0.46680707,76.95,0.49139267
Nigeria,2010,19.02,0.118171245,86.2,0.53556055,90.06,0.5595427
Nigeria,2011,22.01,0.13302007,90.41,0.5464037,95.0,0.5741439
Nigeria,2012,23.64,0.13899674,89.22,0.5245892,95.34,0.56057316
Nigeria,2013,24.08,0.13781568,100.33,0.5742129,108.12,0.618797
Nigeria,2014,26.29,0.14656118,107.07,0.59689254,114.82,0.64009714
Nigeria,2015,25.92,0.1408728,99.61,0.5413711,107.75,0.5856113
Nigeria,2016,27.27,0.14454043,102.29,0.5421724,110.82,0.58738434
Nigeria,2017,25.58,0.13219918,101.12,0.52259505,108.48,0.56063205
Nigeria,2018,25.89,0.1305021,105.11,0.5298214,113.63,0.5727676
Nigeria,2019,25.38,0.124837376,110.63,0.5441591,119.54,0.58798504
Nigeria,2020,25.46,0.12221148,102.02,0.4897099,111.98,0.5375193
Niue,1990,0.0,0.0,0.01,3.90625,0.01,3.90625
Niue,1991,0.0,0.0,0.01,3.9682539,0.01,3.9682539
Niue,1992,0.0,0.0,0.01,4.027386,0.01,4.027386
Niue,1993,0.0,0.0,0.01,4.100041,0.01,4.100041
Niue,1994,0.0,0.0,0.01,4.1736226,0.01,4.1736226
Niue,1995,0.0,0.0,0.01,4.2337003,0.01,4.2337003
Niue,1996,0.0,0.0,0.01,4.304778,0.01,4.304778
Niue,1997,0.0,0.0,0.01,4.382121,0.01,4.382121
Niue,1998,0.0,0.0,0.01,4.484305,0.01,4.484305
Niue,1999,0.0,0.0,0.01,4.6146746,0.01,4.6146746
Niue,2000,0.0,0.0,0.01,4.7709923,0.01,4.7709923
Niue,2001,0.0,0.0,0.01,4.906771,0.01,4.906771
Niue,2002,0.0,0.0,0.01,5.0251255,0.01,5.0251255
Niue,2003,0.0,0.0,0.01,5.122951,0.01,5.122951
Niue,2004,0.0,0.0,0.01,5.2246604,0.01,5.2246604
Niue,2005,0.0,0.0,0.01,5.316321,0.01,5.316321
Niue,2006,0.0,0.0,0.01,5.38503,0.01,5.38503
Niue,2007,0.0,0.0,0.0,0.0,0.0,0.0
Niue,2008,0.0,0.0,0.01,5.414185,0.01,5.414185
Niue,2009,0.0,0.0,0.0,0.0,0.01,5.4318304
Niue,2010,0.0,0.0,0.0,0.0,0.0,0.0
Niue,2011,0.0,0.0,0.01,5.4555373,0.01,5.4555373
Niue,2012,0.0,0.0,0.01,5.4555373,0.01,5.4555373
Niue,2013,0.0,0.0,0.01,5.417118,0.01,5.417118
Niue,2014,0.0,0.0,0.01,5.382131,0.01,5.382131
Niue,2015,0.0,0.0,0.01,5.3447356,0.01,5.3447356
Niue,2016,0.0,0.0,0.01,5.3106747,0.01,5.3106747
Niue,2017,0.0,0.0,0.01,5.2882075,0.01,5.2882075
Niue,2018,0.0,0.0,0.01,5.2438383,0.01,5.2438383
Niue,2019,0.0,0.0,0.01,5.1466804,0.01,5.1466804
Niue,2020,0.0,0.0,0.0,0.0,0.0,0.0
North America,1990,2418.71,5.737313,5564.74,13.199869,5619.08,13.328767
North America,1991,2451.6099,5.728937,5535.6997,12.935857,5587.9,13.057839
North America,1992,2558.94,5.8866363,5623.43,12.936251,5676.32,13.057919
North America,1993,2616.53,5.927121,5737.89,12.997815,5793.48,13.12374
North America,1994,2665.0999,5.9479556,5849.52,13.054928,5909.01,13.187696
North America,1995,2727.6199,6.0006027,5898.0,12.975252,5956.47,13.103884
North America,1996,2814.54,6.106278,6085.83,13.203497,6145.6504,13.333279
North America,1997,3081.43,6.593623,6394.45,13.682802,6457.17,13.817009
North America,1998,3176.67,6.7057996,6478.5,13.675805,6542.96,13.811878
North America,1999,3139.6099,6.5411725,6496.4897,13.535013,6562.72,13.672999
North America,2000,3200.39,6.5802298,6708.4097,13.79297,6777.12,13.934243
North America,2001,3222.92,6.546403,6677.38,13.563111,6745.7197,13.701922
North America,2002,3096.6,6.2172327,6547.21,13.145232,6618.09,13.287543
North America,2003,3148.81,6.2520847,6654.0503,13.211876,6725.47,13.353683
North America,2004,3168.1602,6.220935,6731.34,13.217522,6806.27,13.364653
North America,2005,3245.19,6.302043,6781.03,13.168518,6857.99,13.317972
North America,2006,3178.3,6.105225,6694.28,12.859101,6773.64,13.011546
North America,2007,3266.65,6.2066426,6822.2,12.962197,6901.87,13.11357
North America,2008,3172.7002,5.9636497,6624.69,12.452274,6699.37,12.5926485
North America,2009,2938.4202,5.4661393,6194.89,11.523925,6254.63,11.635054
North America,2010,3068.28,5.650058,6463.42,11.902008,6524.87,12.015165
North America,2011,2961.13,5.3967843,6275.55,11.437454,6338.6396,11.552439
North America,2012,2841.02,5.124164,6060.2295,10.930445,6127.8096,11.052334
North America,2013,2852.7,5.0935965,6197.11,11.065158,6264.3203,11.185165
North America,2014,2844.93,5.030941,6200.32,10.964573,6271.58,11.090589
North America,2015,2706.31,4.741873,6096.04,10.681202,6169.0903,10.809198
North America,2016,2616.68,4.5427814,6000.14,10.4167595,6073.7197,10.5445
North America,2017,2526.08,4.3458834,5926.8896,10.196656,6002.56,10.32684
North America,2018,2552.0,4.3559575,6071.0303,10.36252,6145.2397,10.489186
North America,2019,2413.13,4.0866084,5909.7803,10.008146,5984.55,10.134768
North America,2020,2179.52,3.6676006,5277.15,8.880156,5351.5796,9.0054035
North Korea,1990,16.17,0.7774217,116.81,5.6159945,119.31,5.7361894
North Korea,1991,14.96,0.70848316,110.83,5.2487426,112.94,5.348669
North Korea,1992,13.8,0.64365697,97.78,4.560636,99.71,4.650655
North Korea,1993,11.49,0.52771735,89.8,4.1243706,91.42,4.1987743
North Korea,1994,12.04,0.5446675,81.86,3.703196,83.61,3.7823627
North Korea,1995,11.37,0.5079172,76.53,3.418725,78.24,3.4951136
North Korea,1996,11.37,0.5027782,67.13,2.9684694,68.66,3.0361257
North Korea,1997,11.01,0.48231557,64.69,2.833878,66.04,2.8930173
North Korea,1998,8.69,0.37743813,59.65,2.590815,60.92,2.6459758
North Korea,1999,10.5,0.45249835,64.96,2.7994566,66.62,2.8709946
North Korea,2000,11.57,0.49514136,69.97,2.9943857,71.82,3.073557
North Korea,2001,12.04,0.5120675,72.32,3.0758076,74.39,3.1638458
North Korea,2002,11.49,0.48607323,69.07,2.921939,71.2,3.0120463
North Korea,2003,11.64,0.48945186,70.53,2.965725,72.74,3.0586536
North Korea,2004,11.88,0.49605545,72.09,3.0101547,74.32,3.1032693
North Korea,2005,12.23,0.50744826,75.34,3.126014,77.68,3.2231054
North Korea,2006,12.23,0.50462615,76.53,3.15773,78.94,3.25717
North Korea,2007,10.32,0.42370605,63.27,2.597663,65.63,2.694557
North Korea,2008,11.42,0.46671203,70.38,2.8762865,72.83,2.976413
North Korea,2009,8.3,0.33765218,52.92,2.1528378,55.26,2.2480314
North Korea,2010,7.67,0.31069693,49.29,1.9966431,51.69,2.0938623
North Korea,2011,5.57,0.22474368,34.66,1.3984947,37.1,1.4969462
North Korea,2012,5.63,0.22621553,36.05,1.4485027,38.48,1.5461409
North Korea,2013,4.04,0.1615882,25.11,1.0043267,27.63,1.1051193
North Korea,2014,4.6,0.18307628,28.68,1.1414407,31.22,1.2425307
North Korea,2015,3.65,0.1445086,22.55,0.892786,25.1,0.9937441
North Korea,2016,4.15,0.16345266,25.43,1.0015906,28.13,1.1079334
North Korea,2017,3.3,0.12932901,51.68,2.0253706,54.29,2.1276581
North Korea,2018,2.92,0.113892764,47.9,1.8683094,50.12,1.9548991
North Korea,2019,3.36,0.13045786,53.41,2.0737364,55.55,2.1568258
North Korea,2020,3.13,0.12100138,50.27,1.9433671,52.44,2.0272563
North Macedonia,1990,5.62,2.7492673,8.59,4.202172,8.59,4.202172
North Macedonia,1991,5.67,2.7839274,8.38,4.114517,8.38,4.114517
North Macedonia,1992,5.67,2.8096793,8.33,4.1278005,8.33,4.1278005
North Macedonia,1993,5.9,2.9545856,8.64,4.326715,8.64,4.326715
North Macedonia,1994,5.92,2.986192,8.35,4.211943,8.35,4.211943
North Macedonia,1995,6.07,3.0595205,8.31,4.1885695,8.31,4.1885695
North Macedonia,1996,6.58,3.299519,9.86,4.9442644,9.86,4.9442644
North Macedonia,1997,6.06,3.02359,8.79,4.385702,8.79,4.385702
North Macedonia,1998,6.95,3.452826,9.65,4.7942114,9.65,4.7942114
North Macedonia,1999,6.26,3.09322,8.88,4.3878264,8.88,4.3878264
North Macedonia,2000,6.12,3.0030324,8.52,4.180692,8.52,4.180692
North Macedonia,2001,6.51,3.1703656,8.67,4.222284,8.67,4.222284
North Macedonia,2002,5.81,2.813915,8.13,3.9375436,8.13,3.9375436
North Macedonia,2003,6.1,2.9452236,8.83,4.263332,8.83,4.263332
North Macedonia,2004,5.94,2.8614385,8.54,4.1139197,8.54,4.1139197
North Macedonia,2005,5.91,2.8431683,8.88,4.2719684,8.88,4.2719684
North Macedonia,2006,5.88,2.8254547,8.85,4.2525973,8.85,4.2525973
North Macedonia,2007,6.02,2.889377,9.33,4.4780545,9.33,4.4780545
North Macedonia,2008,6.05,2.8999708,9.12,4.3715262,9.12,4.3715262
North Macedonia,2009,5.81,2.7801797,8.51,4.0721736,8.51,4.0721736
North Macedonia,2010,5.3,2.531249,8.33,3.9783592,8.33,3.9783592
North Macedonia,2011,5.95,2.8372378,9.16,4.3679156,9.16,4.3679156
North Macedonia,2012,5.69,2.7101872,8.8,4.191502,8.8,4.191502
North Macedonia,2013,4.78,2.2737868,7.86,3.7389045,7.86,3.7389045
North Macedonia,2014,4.44,2.1089702,7.44,3.5339499,7.44,3.5339499
North Macedonia,2015,4.0,1.8975648,7.14,3.387153,7.14,3.387153
North Macedonia,2016,3.58,1.6965265,6.96,3.298275,6.96,3.298275
North Macedonia,2017,4.14,1.9602438,7.44,3.5227573,7.44,3.5227573
North Macedonia,2018,3.61,1.7080696,6.95,3.288389,6.95,3.288389
North Macedonia,2019,4.32,2.0433502,7.96,3.765062,7.96,3.765062
North Macedonia,2020,3.54,1.6768684,6.8,3.2211032,6.8,3.2211032
Norway,1990,7.32,1.7257488,28.67,6.759183,29.31,6.910068
Norway,1991,6.97,1.6354262,26.73,6.271871,27.33,6.412654
Norway,1992,10.3,2.4028592,29.54,6.891307,30.2,7.045276
Norway,1993,11.39,2.641381,31.59,7.3258324,32.43,7.5206313
Norway,1994,12.05,2.7785816,33.57,7.7408285,34.41,7.934522
Norway,1995,10.66,2.4453316,33.51,7.686966,34.39,7.8888326
Norway,1996,9.95,2.270906,33.73,7.6982574,34.6,7.896819
Norway,1997,12.22,2.77391,35.62,8.085652,36.54,8.29449
Norway,1998,13.23,2.9853292,36.99,8.346737,37.89,8.549821
Norway,1999,14.3,3.2047346,38.81,8.697605,39.7,8.89706
Norway,2000,9.93,2.2109885,33.39,7.434532,34.28,7.632697
Norway,2001,10.67,2.3637474,33.88,7.5055065,34.74,7.6960244
Norway,2002,10.74,2.3664546,33.51,7.383602,34.38,7.5752983
Norway,2003,11.63,2.5475519,36.28,7.9471354,37.19,8.146471
Norway,2004,11.78,2.5651724,36.64,7.9786005,37.35,8.133207
Norway,2005,11.74,2.539097,35.59,7.697314,36.37,7.86601
Norway,2006,12.14,2.604546,36.41,7.8114924,37.21,7.9831266
Norway,2007,12.48,2.6499166,36.89,7.832967,37.76,8.017696
Norway,2008,12.23,2.564665,36.04,7.557688,36.87,7.7317414
Norway,2009,13.56,2.8079214,36.6,7.5789027,37.44,7.752845
Norway,2010,15.12,3.0921845,39.36,8.049497,40.12,8.204924
Norway,2011,14.4,2.9069972,38.32,7.7358427,39.07,7.887249
Norway,2012,14.07,2.803315,38.04,7.5791116,38.77,7.724557
Norway,2013,14.66,2.885448,38.9,7.656475,39.63,7.800157
Norway,2014,14.9,2.900003,38.92,7.575041,39.64,7.715175
Norway,2015,15.96,3.074933,39.62,7.633386,40.29,7.7624717
Norway,2016,15.46,2.9523025,38.89,7.426587,39.58,7.5583525
Norway,2017,15.89,3.0109546,38.41,7.2782106,39.17,7.422221
Norway,2018,15.4,2.8989213,37.84,7.1230636,38.57,7.26048
Norway,2019,15.03,2.8102467,36.94,6.906887,37.66,7.0415096
Norway,2020,14.29,2.6562147,35.45,6.5894203,36.18,6.725112
Oceania,1990,148.13,5.538769,285.28,10.666982,289.23,10.814677
Oceania,1991,151.15,5.554029,287.22,10.553942,290.87,10.688061
Oceania,1992,154.95,5.6065187,293.28,10.61168,296.72998,10.73651
Oceania,1993,155.64,5.5508904,297.48,10.609605,301.03,10.736215
Oceania,1994,157.23,5.525513,304.21,10.690811,308.23,10.8320875
Oceania,1995,163.38,5.652216,314.58,10.883059,318.52002,11.019366
Oceania,1996,171.68001,5.8436155,326.03,11.097355,329.82,11.226359
Oceania,1997,178.7,5.987261,336.11,11.2612095,339.87,11.387187
Oceania,1998,197.68,6.524191,355.38,11.72889,359.39,11.861236
Oceania,1999,203.6,6.6203785,362.86002,11.798971,366.94998,11.931964
Oceania,2000,206.28,6.60664,369.62997,11.838338,373.83002,11.972854
Oceania,2001,215.78,6.803733,378.85,11.945474,382.93,12.074119
Oceania,2002,229.51999,7.121239,386.61,11.995217,390.65,12.120565
Oceania,2003,222.87999,6.804074,388.62,11.86378,392.74002,11.989556
Oceania,2004,232.44,6.984629,402.19,12.085476,406.23,12.206875
Oceania,2005,237.59999,7.026807,405.51,11.992596,409.74,12.117694
Oceania,2006,242.31,7.04474,410.84,11.944455,415.27002,12.073251
Oceania,2007,247.81999,7.071646,420.25,11.992007,424.91,12.124983
Oceania,2008,248.59999,6.954797,424.22998,11.8681965,428.73,11.994088
Oceania,2009,256.56,7.0389504,427.88,11.739266,432.31,11.860806
Oceania,2010,259.63998,6.997796,430.51,11.603071,434.62,11.713843
Oceania,2011,252.05,6.6802773,428.4,11.3542185,432.43,11.461029
Oceania,2012,251.35,6.5483413,431.09003,11.2310505,435.18,11.337605
Oceania,2013,241.74,6.1892915,424.24,10.8618555,428.13,10.9614525
Oceania,2014,231.11,5.8171115,416.06,10.472362,419.81998,10.567
Oceania,2015,238.46,5.9019427,423.47,10.480986,427.16,10.572313
Oceania,2016,243.84,5.9326677,431.87,10.507468,435.28998,10.590677
Oceania,2017,244.90001,5.856433,436.01,10.426555,439.47998,10.509534
Oceania,2018,239.06999,5.619883,435.19998,10.230364,438.56,10.309349
Oceania,2019,239.39,5.5313873,436.27,10.080531,439.72,10.160248
Oceania,2020,230.42001,5.2447147,414.81998,9.441941,418.1,9.516601
Oman,1990,5.74,3.1808872,11.5,6.3728576,11.92,6.6056056
Oman,1991,5.88,3.1025863,15.31,8.078333,15.72,8.29467
Oman,1992,6.05,3.0474997,14.52,7.313999,14.92,7.5154867
Oman,1993,6.5,3.1372564,14.77,7.128812,15.18,7.3267
Oman,1994,7.1,3.3275874,15.71,7.362873,16.2,7.5925236
Oman,1995,8.48,3.903012,18.4,8.4688,18.87,8.6851225
Oman,1996,8.85,4.004588,18.88,8.543121,19.38,8.76937
Oman,1997,9.42,4.1948867,19.52,8.692589,20.02,8.915248
Oman,1998,9.92,4.351398,19.0,8.3343315,19.52,8.562428
Oman,1999,10.78,4.661404,21.5,9.296864,21.98,9.504421
Oman,2000,13.29,5.669164,24.64,10.510775,25.12,10.71553
Oman,2001,14.43,6.076672,27.51,11.584841,28.03,11.80382
Oman,2002,14.99,6.2363153,29.34,12.20637,29.97,12.46847
Oman,2003,15.41,6.3373833,30.79,12.662429,31.7,13.036668
Oman,2004,16.47,6.671095,30.32,12.280972,31.26,12.661715
Oman,2005,15.28,6.075059,30.08,11.959278,31.01,12.32903
Oman,2006,16.4,6.4046187,37.91,14.804823,39.19,15.304696
Oman,2007,16.64,6.385985,40.86,15.680971,42.26,16.218254
Oman,2008,17.26,6.510672,39.89,15.04697,41.31,15.582611
Oman,2009,18.72,6.9396486,42.16,15.629037,43.6,16.162857
Oman,2010,19.22,6.6691766,45.46,15.774234,47.08,16.336359
Oman,2011,20.37,6.351962,51.85,16.168348,53.62,16.720285
Oman,2012,21.4,6.052747,58.43,16.52626,60.55,17.12588
Oman,2013,21.77,5.7038984,61.0,15.982444,63.02,16.511698
Oman,2014,22.84,5.696795,64.61,16.115145,66.39,16.559116
Oman,2015,23.93,5.7087865,68.28,16.289007,70.13,16.730347
Oman,2016,23.82,5.416,70.21,15.963784,72.2,16.416254
Oman,2017,25.1,5.5263786,69.94,15.399001,71.63,15.771096
Oman,2018,25.32,5.50296,73.49,15.972059,75.37,16.380651
Oman,2019,24.29,5.277258,73.82,16.038172,75.74,16.455313
Oman,2020,24.57,5.4078374,68.87,15.158232,71.04,15.635847
Pakistan,1990,16.01,0.13871792,55.97,0.48494953,59.03,0.51146275
Pakistan,1991,17.68,0.1483177,57.15,0.47943193,60.31,0.5059412
Pakistan,1992,20.35,0.16629189,63.81,0.5214293,66.98,0.54733324
Pakistan,1993,22.5,0.1792163,70.37,0.5605089,73.75,0.5874312
Pakistan,1994,23.44,0.1813608,72.97,0.56458604,76.25,0.58996415
Pakistan,1995,26.64,0.20012398,79.26,0.5954139,82.74,0.6215562
Pakistan,1996,27.4,0.19965778,82.22,0.5991191,85.82,0.6253515
Pakistan,1997,29.6,0.2094385,85.72,0.60652256,89.36,0.63227785
Pakistan,1998,28.44,0.19549601,86.6,0.5952867,90.19,0.6199643
Pakistan,1999,33.0,0.22044903,94.9,0.633958,98.77,0.65981066
Pakistan,2000,34.45,0.22316524,94.38,0.61138856,98.37,0.6372355
Pakistan,2001,35.42,0.22246267,95.42,0.5993051,99.84,0.62706584
Pakistan,2002,35.28,0.21609332,97.93,0.59983045,102.33,0.62678087
Pakistan,2003,31.63,0.18954118,100.49,0.60218126,105.66,0.6331622
Pakistan,2004,35.83,0.2099636,112.71,0.66047996,118.31,0.69329596
Pakistan,2005,37.42,0.21459855,114.97,0.65933716,121.61,0.6974166
Pakistan,2006,42.51,0.23872636,124.42,0.6987141,132.3,0.7429663
Pakistan,2007,43.38,0.23845053,136.35,0.7494866,145.81,0.8014862
Pakistan,2008,43.23,0.23250441,130.4,0.7013318,140.73,0.7568898
Pakistan,2009,45.42,0.23889768,133.73,0.70338583,145.34,0.76445156
Pakistan,2010,41.35,0.21264616,129.17,0.6642685,140.38,0.721917
Pakistan,2011,40.18,0.20231342,130.67,0.65794665,141.69,0.7134343
Pakistan,2012,41.48,0.20513748,132.43,0.6549266,143.82,0.7112554
Pakistan,2013,44.55,0.21695983,134.03,0.6527301,145.99,0.71097565
Pakistan,2014,44.96,0.21589267,142.04,0.68205947,154.24,0.7406424
Pakistan,2015,45.14,0.21396479,151.45,0.717877,164.15,0.77807534
Pakistan,2016,49.37,0.23121431,166.98,0.7820167,181.11,0.8481917
Pakistan,2017,55.9,0.25834224,183.99,0.85031104,198.74,0.91847825
Pakistan,2018,46.62,0.21216804,171.29,0.7795423,186.87,0.85044706
Pakistan,2019,54.57,0.24438712,168.66,0.7553295,184.1,0.82447624
Pakistan,2020,53.54,0.2356548,166.47,0.732713,184.11,0.81035495
Palau,1990,0.0,0.0,0.0,0.0,0.0,0.0
Palau,1991,0.0,0.0,0.0,0.0,0.0,0.0
Palau,1992,0.09,5.614473,0.2,12.476606,0.2,12.476606
Palau,1993,0.09,5.4881396,0.2,12.195866,0.2,12.195866
Palau,1994,0.09,5.3580995,0.2,11.906888,0.2,11.906888
Palau,1995,0.09,5.222538,0.2,11.60564,0.2,11.60564
Palau,1996,0.09,5.067853,0.2,11.261895,0.2,11.261895
Palau,1997,0.09,4.9118595,0.2,10.915243,0.2,10.915243
Palau,1998,0.09,4.769728,0.2,10.599396,0.2,10.599396
Palau,1999,0.09,4.638697,0.2,10.308216,0.2,10.308216
Palau,2000,0.09,4.558116,0.21,10.635604,0.21,10.635604
Palau,2001,0.1,5.037276,0.22,11.082006,0.22,11.082006
Palau,2002,0.1,5.0314465,0.22,11.069182,0.22,11.069182
Palau,2003,0.09,4.521704,0.22,11.053055,0.22,11.053055
Palau,2004,0.1,5.0183167,0.22,11.0402975,0.22,11.0402975
Palau,2005,0.1,5.037022,0.23,11.585151,0.23,11.585151
Palau,2006,0.09,4.5813184,0.23,11.707813,0.23,11.707813
Palau,2007,0.09,4.6432443,0.22,11.350152,0.22,11.350152
Palau,2008,0.08,4.1838818,0.21,10.982689,0.21,10.982689
Palau,2009,0.07,3.7139218,0.2,10.611205,0.2,10.611205
Palau,2010,0.07,3.7709422,0.21,11.312826,0.21,11.312826
Palau,2011,0.07,3.833516,0.21,11.500547,0.21,11.500547
Palau,2012,0.07,3.8945143,0.22,12.2399025,0.22,12.2399025
Palau,2013,0.07,3.9261878,0.22,12.339447,0.22,12.339447
Palau,2014,0.07,3.9279501,0.22,12.344986,0.22,12.344986
Palau,2015,0.07,3.9277298,0.2,11.222085,0.2,11.222085
Palau,2016,0.08,4.484305,0.21,11.7713,0.21,11.7713
Palau,2017,0.08,4.480036,0.21,11.760094,0.21,11.760094
Palau,2018,0.08,4.472522,0.21,11.74037,0.21,11.74037
Palau,2019,0.08,4.4595575,0.22,12.2637825,0.22,12.2637825
Palau,2020,0.06,3.3335185,0.16,8.889382,0.16,8.889382
Panama,1990,0.55,0.22449291,2.56,1.0449125,2.69,1.0979744
Panama,1991,0.81,0.3237348,3.0,1.1990178,3.12,1.2469785
Panama,1992,1.2,0.46978003,3.53,1.3819363,3.64,1.4249995
Panama,1993,1.06,0.40651935,3.55,1.3614563,3.8,1.4573334
Panama,1994,1.1,0.41331738,3.77,1.4165514,4.04,1.518002
Panama,1995,1.25,0.46022362,4.09,1.5058517,4.36,1.6052599
Panama,1996,1.07,0.38605762,4.13,1.4901103,4.41,1.5911347
Panama,1997,1.28,0.45261765,4.34,1.5346568,4.64,1.640739
Panama,1998,2.03,0.7035959,5.4,1.8716344,5.72,1.982546
Panama,1999,1.18,0.40093452,4.69,1.5935448,5.01,1.7022728
Panama,2000,1.28,0.42641962,4.88,1.6257248,5.28,1.758981
Panama,2001,2.21,0.72197944,5.87,1.9176558,6.22,2.0319965
Panama,2002,1.58,0.5062491,5.1,1.6340953,5.41,1.7334226
Panama,2003,1.96,0.6160384,5.15,1.6186723,5.53,1.7381083
Panama,2004,1.43,0.4409076,5.18,1.5971338,5.61,1.7297144
Panama,2005,1.5,0.45373768,6.69,2.02367,7.12,2.1537414
Panama,2006,1.8,0.5343503,7.06,2.0958405,7.49,2.2234907
Panama,2007,2.07,0.6032138,7.06,2.057338,7.48,2.1797292
Panama,2008,1.78,0.5092576,6.57,1.8796756,7.3,2.0885284
Panama,2009,2.43,0.682711,8.03,2.2560368,8.7,2.444274
Panama,2010,2.73,0.75338984,8.6,2.373316,9.19,2.5361364
Panama,2011,3.12,0.8458313,9.3,2.5212278,9.99,2.7082865
Panama,2012,2.84,0.7563509,9.56,2.5460262,10.46,2.7857149
Panama,2013,2.59,0.67773426,9.33,2.4414132,10.25,2.6821527
Panama,2014,2.78,0.7148744,9.91,2.5483472,10.76,2.766924
Panama,2015,2.65,0.669682,9.85,2.4891953,10.61,2.681255
Panama,2016,2.66,0.66064996,9.92,2.4637773,10.65,2.6450834
Panama,2017,2.07,0.50536233,9.39,2.2924407,10.14,2.475543
Panama,2018,1.95,0.46815827,9.28,2.2279532,9.92,2.3816051
Panama,2019,4.82,1.1387966,12.57,2.9698493,13.1,3.0950696
Panama,2020,3.6,0.8383028,9.29,2.163287,9.58,2.2308168
Papua New Guinea,1990,0.78,0.20181201,2.17,0.5614514,2.17,0.5614514
Papua New Guinea,1991,0.78,0.19543944,2.18,0.5462282,2.18,0.5462282
Papua New Guinea,1992,0.78,0.18855833,2.18,0.5269964,2.18,0.5269964
Papua New Guinea,1993,0.79,0.18408087,2.21,0.5149604,2.21,0.5149604
Papua New Guinea,1994,0.32,0.07188273,2.06,0.4627451,2.06,0.4627451
Papua New Guinea,1995,0.52,0.112640806,2.13,0.4613941,2.13,0.4613941
Papua New Guinea,1996,0.57,0.119099654,2.23,0.4659513,2.23,0.4659513
Papua New Guinea,1997,0.67,0.13506855,2.4,0.48382765,2.4,0.48382765
Papua New Guinea,1998,0.9,0.17513686,2.65,0.5156808,2.65,0.5156808
Papua New Guinea,1999,0.83,0.1559742,2.6,0.48859388,2.6,0.48859388
Papua New Guinea,2000,0.9,0.16338979,2.83,0.5137701,2.83,0.5137701
Papua New Guinea,2001,1.3,0.22813037,3.38,0.59313893,3.38,0.59313893
Papua New Guinea,2002,1.45,0.24607134,3.61,0.6126328,3.61,0.6126328
Papua New Guinea,2003,1.75,0.28730977,4.07,0.66820043,4.07,0.66820043
Papua New Guinea,2004,2.01,0.3193937,4.61,0.7325397,4.61,0.7325397
Papua New Guinea,2005,1.76,0.27081805,4.32,0.66473526,4.32,0.66473526
Papua New Guinea,2006,1.79,0.2668369,4.35,0.6484584,4.35,0.6484584
Papua New Guinea,2007,1.88,0.27163434,4.74,0.6848653,4.74,0.6848653
Papua New Guinea,2008,1.89,0.26478007,4.76,0.66685355,4.76,0.66685355
Papua New Guinea,2009,2.06,0.27993363,5.05,0.6862451,5.05,0.6862451
Papua New Guinea,2010,1.97,0.25978243,5.04,0.664621,5.04,0.664621
Papua New Guinea,2011,2.05,0.26259708,5.18,0.663538,5.18,0.663538
Papua New Guinea,2012,1.89,0.2354686,4.91,0.61172,4.91,0.61172
Papua New Guinea,2013,2.05,0.24861641,5.22,0.6330623,5.22,0.6330623
Papua New Guinea,2014,2.47,0.2918187,5.84,0.6899681,5.84,0.6899681
Papua New Guinea,2015,2.8,0.32249996,6.37,0.7336874,6.37,0.7336874
Papua New Guinea,2016,2.93,0.32924396,6.56,0.7371469,6.56,0.7371469
Papua New Guinea,2017,2.8,0.3071926,6.5,0.71312565,6.5,0.71312565
Papua New Guinea,2018,3.25,0.34836733,7.11,0.76212054,7.11,0.76212054
Papua New Guinea,2019,3.41,0.357349,7.47,0.7828144,7.47,0.7828144
Papua New Guinea,2020,2.46,0.25231698,5.42,0.5559179,5.49,0.56309766
Paraguay,1990,0.03,0.0073906225,1.93,0.4754634,2.07,0.5099529
Paraguay,1991,0.03,0.0071976883,1.88,0.4510551,2.02,0.48464432
Paraguay,1992,0.03,0.007014169,2.25,0.52606267,2.47,0.5774999
Paraguay,1993,0.03,0.006839624,2.61,0.5950473,2.82,0.64292467
Paraguay,1994,0.01,0.0022245452,3.07,0.68293536,3.34,0.74299806
Paraguay,1995,0.11,0.023892662,3.49,0.758049,3.78,0.8210387
Paraguay,1996,0.02,0.0042447923,3.45,0.7322266,3.72,0.78953135
Paraguay,1997,0.02,0.0041508484,3.83,0.7948875,4.11,0.8529994
Paraguay,1998,0.02,0.004062189,4.02,0.81649995,4.27,0.8672773
Paraguay,1999,0.02,0.0039792797,4.03,0.8018249,4.27,0.84957623
Paraguay,2000,0.0,0.0,3.28,0.64014775,3.52,0.6869878
Paraguay,2001,0.0,0.0,3.41,0.65431714,3.61,0.69269353
Paraguay,2002,0.0,0.0,3.59,0.6790863,3.78,0.7150268
Paraguay,2003,0.0,0.0,3.71,0.69303566,3.94,0.7360001
Paraguay,2004,0.0,0.0,3.76,0.69419736,3.97,0.73296905
Paraguay,2005,0.0,0.0,3.47,0.6335723,3.7,0.675567
Paraguay,2006,0.0,0.0,3.73,0.67393214,3.95,0.71368146
Paraguay,2007,0.0,0.0,3.51,0.62789035,3.72,0.6654564
Paraguay,2008,0.0,0.0,4.09,0.72451514,4.32,0.765258
Paraguay,2009,0.0,0.0,4.29,0.7522912,4.57,0.8013918
Paraguay,2010,0.0,0.0,4.79,0.83035487,5.04,0.8736928
Paraguay,2011,0.0,0.0,5.01,0.8572986,5.22,0.8932333
Paraguay,2012,0.0,0.0,4.88,0.8238613,5.18,0.87450856
Paraguay,2013,0.0,0.0,5.08,0.8458693,5.3,0.8825014
Paraguay,2014,0.0,0.0,5.37,0.88166815,5.63,0.924356
Paraguay,2015,0.0,0.0,6.02,0.97443265,6.37,1.0310857
Paraguay,2016,0.0,0.0,6.8,1.085114,7.19,1.1473484
Paraguay,2017,0.0,0.0,7.65,1.2036997,7.92,1.2461832
Paraguay,2018,0.0,0.0,8.06,1.2509047,8.36,1.2974643
Paraguay,2019,0.0,0.0,7.81,1.1960131,8.1,1.2404233
Paraguay,2020,0.0,0.0,7.31,1.1044465,7.58,1.14524
Peru,1990,3.98,0.18001635,19.85,0.8978203,20.88,0.9444074
Peru,1991,3.54,0.15675506,19.24,0.85196817,20.27,0.89757764
Peru,1992,4.03,0.17485818,20.06,0.8703858,21.03,0.91247326
Peru,1993,4.1,0.17436504,20.64,0.8777791,21.8,0.9271117
Peru,1994,3.81,0.1588608,21.07,0.8785294,22.54,0.9398222
Peru,1995,4.49,0.18364714,23.9,0.9775427,25.65,1.0491201
Peru,1996,5.44,0.21840982,26.29,1.0555136,28.06,1.1265771
Peru,1997,5.45,0.21485975,25.99,1.0246247,27.96,1.1022897
Peru,1998,4.84,0.18746446,24.98,0.96753347,26.97,1.0446109
Peru,1999,4.93,0.18779351,27.34,1.041435,29.07,1.1073341
Peru,2000,4.78,0.17933223,26.86,1.007712,28.63,1.0741175
Peru,2001,4.32,0.15991168,24.73,0.91542035,26.54,0.9824204
Peru,2002,4.89,0.17889474,25.9,0.9475202,27.73,1.0144686
Peru,2003,4.87,0.17630017,25.31,0.91625404,27.16,0.98322636
Peru,2004,6.88,0.24664879,29.11,1.0435969,31.24,1.1199576
Peru,2005,7.41,0.2632583,28.92,1.0274534,31.29,1.1116534
Peru,2006,6.95,0.24488145,28.23,0.9946767,30.84,1.0866394
Peru,2007,7.87,0.27517116,31.08,1.0866989,33.81,1.1821522
Peru,2008,9.96,0.3457591,35.35,1.227167,38.29,1.3292285
Peru,2009,11.16,0.38470387,37.84,1.3044081,41.17,1.4191988
Peru,2010,14.38,0.49196744,41.66,1.4252687,45.0,1.5395365
Peru,2011,15.96,0.5414258,45.13,1.5309867,48.43,1.6429356
Peru,2012,15.2,0.5109314,44.39,1.4921213,48.12,1.6175011
Peru,2013,13.19,0.43909863,45.49,1.5143743,49.75,1.6561908
Peru,2014,16.45,0.54193926,48.58,1.6004504,53.17,1.7516662
Peru,2015,15.66,0.5099007,50.08,1.6306401,54.55,1.7761866
Peru,2016,17.64,0.56660545,52.52,1.6869681,56.86,1.8263711
Peru,2017,14.79,0.4679567,49.98,1.581371,54.27,1.7171068
Peru,2018,13.44,0.41734016,50.27,1.5609888,54.59,1.6951339
Peru,2019,14.09,0.42924777,52.43,1.5972648,56.97,1.7355746
Peru,2020,11.72,0.35190156,42.65,1.2805974,46.58,1.3985986
Philippines,1990,10.76,0.17479195,38.08,0.6185945,40.87,0.663917
Philippines,1991,13.09,0.20764676,37.42,0.5935937,40.44,0.6415
Philippines,1992,13.83,0.21427402,40.9,0.63368094,43.8,0.6786119
Philippines,1993,12.99,0.19657001,44.12,0.66764194,47.58,0.7200001
Philippines,1994,15.48,0.22882386,47.13,0.69667107,51.27,0.7578682
Philippines,1995,18.26,0.26368052,56.87,0.8212218,61.41,0.886781
Philippines,1996,20.5,0.28895637,61.56,0.8677148,66.9,0.9429844
Philippines,1997,23.89,0.32852563,68.17,0.9374463,74.45,1.0238063
Philippines,1998,24.55,0.3295659,68.38,0.9179518,73.87,0.99165106
Philippines,1999,22.55,0.29574135,66.29,0.86938775,71.62,0.9392902
Philippines,2000,25.19,0.3231218,66.88,0.8578953,71.94,0.9228019
Philippines,2001,25.55,0.32087475,66.64,0.8369116,70.26,0.8823741
Philippines,2002,24.22,0.29796183,65.7,0.80826145,71.26,0.8766623
Philippines,2003,25.93,0.31262493,67.78,0.8171893,73.14,0.8818121
Philippines,2004,26.81,0.31687498,69.3,0.8190763,74.72,0.8831368
Philippines,2005,29.28,0.339434,69.97,0.8111406,76.19,0.88324714
Philippines,2006,25.22,0.28691098,64.43,0.73297673,69.31,0.7884932
Philippines,2007,26.94,0.3007993,68.1,0.7603724,73.25,0.8178749
Philippines,2008,29.46,0.32284108,69.87,0.7656791,75.04,0.8223352
Philippines,2009,30.09,0.32373306,70.65,0.760111,76.32,0.8211135
Philippines,2010,33.42,0.3531399,75.86,0.80159175,81.92,0.8656261
Philippines,2011,34.45,0.35759547,76.43,0.7933533,82.54,0.8567759
Philippines,2012,36.86,0.37599844,78.95,0.80534667,86.17,0.87899584
Philippines,2013,42.48,0.42607775,87.79,0.8805406,95.5,0.95787257
Philippines,2014,45.64,0.45043084,93.67,0.92444915,101.82,1.0048832
Philippines,2015,49.47,0.48014507,101.79,0.98795164,110.99,1.0772449
Philippines,2016,53.35,0.50869954,112.09,1.0687934,120.9,1.1527979
Philippines,2017,60.93,0.57083434,123.5,1.1570333,133.46,1.2503456
Philippines,2018,66.7,0.61435676,128.52,1.1837652,139.12,1.281399
Philippines,2019,72.71,0.65871966,135.27,1.2254848,145.87,1.321516
Philippines,2020,73.01,0.6507653,124.67,1.1112301,133.47,1.1896678
Poland,1990,228.86,6.0124655,344.76,9.057317,350.21,9.200496
Poland,1991,222.93,5.8408504,346.21,9.070832,351.62,9.212577
Poland,1992,214.37,5.60411,337.83,8.831629,343.37,8.976457
Poland,1993,201.27,5.2524447,338.87,8.843324,344.02,8.977721
Poland,1994,200.43,5.2228684,333.11,8.680285,339.75,8.853313
Poland,1995,185.8,4.838292,333.34,8.680282,340.0,8.85371
Poland,1996,192.56,5.0143995,349.1,9.090813,355.32,9.252786
Poland,1997,186.65,4.8611684,337.89,8.800108,344.63,8.975647
Poland,1998,180.24,4.696197,312.08,8.13132,318.41,8.29625
Poland,1999,174.74,4.5558653,302.8,7.894678,308.98,8.055804
Poland,2000,172.22,4.472732,289.66,7.5227704,295.77,7.6814528
Poland,2001,173.91,4.498115,288.67,7.466339,293.63,7.5946274
Poland,2002,167.91,4.3446565,282.65,7.3135433,287.32,7.4343796
Poland,2003,176.2,4.5622215,293.16,7.590584,297.73,7.708912
Poland,2004,174.54,4.5222254,296.78,7.6893897,301.85,7.8207507
Poland,2005,173.25,4.4911447,296.3,7.680959,301.35,7.81187
Poland,2006,178.84,4.639509,308.11,7.9930615,314.09,8.148196
Poland,2007,175.44,4.5542965,306.33,7.952106,313.38,8.135119
Poland,2008,170.44,4.424383,301.63,7.8298917,308.33,8.003814
Poland,2009,163.01,4.2279544,291.5,7.560571,297.26,7.709967
Poland,2010,168.84,4.374393,307.52,7.9673853,313.74,8.128536
Poland,2011,169.49,4.388562,303.21,7.8509407,310.59,8.042029
Poland,2012,164.54,4.259839,296.97,7.6883707,303.35,7.8535447
Poland,2013,165.0,4.2737975,292.43,7.574464,298.3,7.7265077
Poland,2014,155.38,4.027279,279.27,7.2383714,285.73,7.4058084
Poland,2015,158.08,4.1003137,282.74,7.333772,289.08,7.4982204
Poland,2016,157.79,4.0950265,293.27,7.611055,299.8,7.7805243
Poland,2017,159.33,4.1349173,305.77,7.9353137,312.77,8.116977
Poland,2018,157.4,4.086034,304.1,7.8943,311.75,8.092891
Poland,2019,145.28,3.774134,287.26,7.462539,294.95,7.662313
Poland,2020,133.8,3.4818027,271.53,7.0658736,279.22,7.2659864
Portugal,1990,16.49,1.6477894,37.89,3.7862182,41.07,4.103985
Portugal,1991,17.08,1.710323,39.5,3.955372,42.77,4.282817
Portugal,1992,20.29,2.0333219,43.64,4.3732953,46.77,4.686962
Portugal,1993,18.97,1.898499,42.6,4.263366,45.79,4.582618
Portugal,1994,18.96,1.8925743,44.01,4.3930483,47.3,4.7214537
Portugal,1995,21.89,2.1778386,47.23,4.698918,50.69,5.043154
Portugal,1996,17.69,1.753629,45.35,4.495595,48.74,4.8316493
Portugal,1997,18.85,1.860709,47.37,4.6759567,50.93,5.027369
Portugal,1998,21.19,2.0816512,52.06,5.1142406,55.6,5.4620013
Portugal,1999,26.53,2.592498,58.38,5.704864,62.21,6.0791297
Portugal,2000,24.06,2.335779,57.85,5.6161604,61.66,5.9860406
Portugal,2001,23.86,2.3004653,57.76,5.5689387,61.38,5.917961
Portugal,2002,27.08,2.5961294,61.69,5.9141517,65.6,6.288999
Portugal,2003,23.17,2.2122827,56.91,5.433794,60.52,5.7784786
Portugal,2004,24.21,2.3053799,58.12,5.5344353,62.13,5.9162846
Portugal,2005,27.99,2.6598084,61.39,5.8337135,65.47,6.221424
Portugal,2006,24.47,2.320763,56.45,5.353783,60.45,5.7331476
Portugal,2007,22.17,2.0983295,54.63,5.1705794,58.8,5.5652585
Portugal,2008,21.84,2.0640843,52.83,4.9929295,56.84,5.371912
Portugal,2009,22.73,2.1460927,53.08,5.011641,56.3,5.315663
Portugal,2010,17.47,1.6499187,47.56,4.4917073,50.94,4.8109245
Portugal,2011,19.15,1.8126196,47.05,4.4534597,49.87,4.720383
Portugal,2012,20.22,1.9216723,45.67,4.3403945,48.22,4.5827417
Portugal,2013,18.79,1.7955883,43.74,4.1798315,46.56,4.449313
Portugal,2014,17.61,1.6919061,42.84,4.115915,45.93,4.412791
Portugal,2015,21.6,2.0838487,46.93,4.5275474,49.85,4.8092527
Portugal,2016,20.81,2.0139844,46.4,4.490576,48.7,4.7131686
Portugal,2017,24.44,2.3710825,50.74,4.922616,53.27,5.1680675
Portugal,2018,20.81,2.0223846,47.21,4.588024,49.46,4.8066864
Portugal,2019,15.63,1.5189621,42.34,4.114706,44.56,4.330451
Portugal,2020,12.83,1.2458504,36.66,3.5598502,38.97,3.7841616
Qatar,1990,7.74,17.523802,12.43,28.142227,12.54,28.391273
Qatar,1991,8.93,19.562098,14.77,32.35523,14.99,32.837162
Qatar,1992,9.34,19.817568,14.45,30.659943,14.68,31.147955
Qatar,1993,9.96,20.491592,16.39,33.7206,16.61,34.17323
Qatar,1994,10.53,21.031187,18.3,36.549927,18.49,36.929405
Qatar,1995,11.04,21.431067,18.86,36.61141,19.05,36.98024
Qatar,1996,11.61,21.935583,20.67,39.053276,20.94,39.563404
Qatar,1997,12.79,23.229374,25.12,45.623287,25.39,46.113667
Qatar,1998,13.79,23.734776,26.12,44.95666,26.5,45.610703
Qatar,1999,16.02,26.120474,28.6,46.632057,29.0,47.284252
Qatar,2000,13.83,21.410425,28.2,43.656834,28.67,44.384445
Qatar,2001,14.78,21.7725,28.18,41.51211,28.65,42.20447
Qatar,2002,16.02,22.4623,32.0,44.868515,32.5,45.569584
Qatar,2003,17.93,23.953455,34.24,45.742683,34.74,46.410656
Qatar,2004,18.88,24.26888,36.58,47.020958,37.07,47.650818
Qatar,2005,20.78,24.483986,38.01,44.785194,38.54,45.409664
Qatar,2006,24.79,24.422106,43.39,42.746075,43.94,43.28791
Qatar,2007,27.17,22.05529,49.16,39.90571,50.03,40.61193
Qatar,2008,28.08,19.44212,51.92,35.948532,53.28,36.890175
Qatar,2009,30.22,18.76691,52.84,32.814148,54.31,33.72703
Qatar,2010,36.28,21.17289,59.56,34.75902,60.91,35.546875
Qatar,2011,44.43,24.626215,66.75,36.99752,68.52,37.978577
Qatar,2012,47.27,24.804924,73.52,38.57961,75.43,39.58188
Qatar,2013,47.99,23.576412,74.68,36.688614,76.54,37.60239
Qatar,2014,49.4,22.30781,80.04,36.144073,82.17,37.105927
Qatar,2015,51.1,21.163101,82.81,34.29582,85.21,35.28978
Qatar,2016,51.83,19.971678,84.73,32.64905,87.07,33.550724
Qatar,2017,52.95,19.526035,85.38,31.48504,87.47,32.255756
Qatar,2018,53.66,19.394646,85.14,30.772644,87.1,31.48106
Qatar,2019,55.06,19.613556,87.91,31.315434,89.49,31.878263
Qatar,2020,54.93,19.899363,86.22,31.234716,87.58,31.727402
Romania,1990,79.4,3.4769306,168.19,7.36505,172.63,7.559478
Romania,1991,68.2,2.9856644,139.55,6.1092296,142.76,6.249757
Romania,1992,85.29,3.7406313,123.28,5.406789,126.19,5.5344152
Romania,1993,82.07,3.6119716,114.86,5.055088,117.69,5.179639
Romania,1994,69.63,3.0765116,112.38,4.9653654,115.15,5.0877542
Romania,1995,69.67,3.0918908,117.72,5.2243056,120.87,5.3641
Romania,1996,71.58,3.1929882,121.0,5.3974795,124.2,5.5402226
Romania,1997,63.32,2.8407943,110.59,4.96152,113.6,5.096561
Romania,1998,54.99,2.4813592,96.6,4.358962,99.51,4.490272
Romania,1999,47.11,2.1375737,82.32,3.7351956,84.97,3.855437
Romania,2000,49.45,2.2559428,86.35,3.939346,89.0,4.0602407
Romania,2001,52.24,2.3965955,92.45,4.241295,95.22,4.3683734
Romania,2002,49.72,2.2961614,91.09,4.2067046,93.73,4.3286242
Romania,2003,52.53,2.4453802,95.49,4.445257,98.14,4.56862
Romania,2004,47.95,2.252306,92.34,4.337392,95.34,4.4783077
Romania,2005,47.14,2.2349427,91.51,4.3385577,94.68,4.4888496
Romania,2006,50.55,2.4175723,95.6,4.572105,99.25,4.7466674
Romania,2007,49.16,2.369816,92.67,4.467267,96.73,4.6629844
Romania,2008,48.1,2.335233,91.27,4.431117,95.41,4.632112
Romania,2009,40.63,1.9852129,77.61,3.7920842,80.7,3.943064
Romania,2010,38.74,1.9050698,74.82,3.6793323,77.6,3.8160408
Romania,2011,43.69,2.1607013,80.96,4.0039,84.05,4.156717
Romania,2012,39.77,1.9749604,78.69,3.9077103,81.84,4.064138
Romania,2013,32.18,1.6036638,69.4,3.4584918,72.09,3.5925457
Romania,2014,31.32,1.5663261,68.6,3.4307144,71.54,3.577745
Romania,2015,32.23,1.6191034,69.98,3.5155091,73.31,3.6827948
Romania,2016,30.29,1.5299665,68.4,3.4549258,71.59,3.6160548
Romania,2017,30.79,1.5630352,70.9,3.5991945,74.21,3.7672246
Romania,2018,29.82,1.5209026,71.69,3.6563885,75.19,3.8348982
Romania,2019,27.44,1.4054345,70.11,3.590926,73.94,3.7870927
Romania,2020,21.95,1.1289967,64.76,3.3309264,68.66,3.5315225
